-8.702585665820639820e-04 -1.472075628134320302e-01
-8.702585665811907656e-04 1.472075628134340286e-01
-1.461636166898633848e-01 -8.343824441110607726e-01
-1.461636166899430156e-01 8.343824441110688772e-01
5.985260150320141914e-01 -4.160587801954500065e-01
5.985260150319900996e-01 4.160587801954723775e-01
6.574938513043571131e-01 1.174640659990947439e-01
6.574938513043773192e-01 -1.174640659991377373e-01
2.156300001746366268e-01 7.012269527748198339e-01
2.156300001745921624e-01 -7.012269527748351550e-01
5.409853583425345835e-01 6.425809644114692798e-01
5.409853583424035772e-01 -6.425809644113584795e-01
7.352237874094537107e-01 -5.400923601740104107e-01
7.352237874094551540e-01 5.400923601740139635e-01
6.885871194779389359e-01 -6.475443100238492677e-01
6.885871194780011084e-01 6.475443100238763572e-01
4.590146416574654720e-01 -6.425809644114692798e-01
4.590146416575964228e-01 6.425809644113584795e-01
6.887268701973189300e-01 6.738014200813997601e-01
6.887268701972790730e-01 -6.738014200814230747e-01
1.309292981170581405e-01 8.244714963730980228e-01
1.309292981170468995e-01 -8.244714963731176738e-01
1.465103554685622256e-01 8.169347870844070325e-01
1.465103554685123211e-01 -8.169347870843934878e-01
2.332707218541898719e-01 -9.107189897023535430e-01
2.332707218543128291e-01 9.107189897021438219e-01
-4.738843065143591438e-01 2.633156844158693888e-01
-4.738843065142832045e-01 -2.633156844159441068e-01
-1.931024845595579187e-01 -5.578524751003659521e-01
-1.931024845595542272e-01 5.578524751003949289e-01
-4.414873652750586630e-01 -8.893513108878141615e-01
-4.414873652750102018e-01 8.893513108878019491e-01
1.184301571966073219e-01 -9.227526067756456341e-01
1.184301571965875460e-01 9.227526067756076644e-01
-2.010179852879290796e-01 2.391728161789252391e-02
-2.010179852879044604e-01 -2.391728161787718548e-02
1.677030693032098840e-01 -1.657450623140370102e-02
1.677030693031923980e-01 1.657450623139374718e-02
-2.923383868530198826e-01 8.946222516950088632e-01
-2.923383868530035068e-01 -8.946222516949995374e-01
7.488317251355928184e-01 5.559809194289017098e-01
7.488317251356251258e-01 -5.559809194288617418e-01
5.564134656991391870e-01 -4.510494944020351782e-01
5.564134656991533978e-01 4.510494944020460584e-01
-2.873210051678473653e-01 -6.342837365869810062e-01
-2.873210051680121224e-01 6.342837365869795629e-01
-1.893003782472088836e-01 1.297245088225755516e-01
-1.893003782472382213e-01 -1.297245088225419951e-01
-4.532211820702166105e-01 -6.120532699266818533e-01
-4.532211820703149763e-01 6.120532699266710841e-01
3.943914887113931234e-01 -5.745297297867663078e-01
3.943914887114071677e-01 5.745297297867593134e-01
-3.608742865233779407e-01 -4.790671376652421709e-01
-3.608742865233585673e-01 4.790671376652067548e-01
2.581196709971472769e-01 -7.258029864137721665e-01
2.581196709971230741e-01 7.258029864137285347e-01
3.409115972277402262e-01 7.635441869454823172e-01
3.409115972277845241e-01 -7.635441869454594466e-01
2.511682748644071261e-01 -5.559809194289017098e-01
2.511682748643749297e-01 5.559809194288616307e-01
-6.515192273877665752e-01 6.640589764010013107e-01
-6.515192273876025952e-01 -6.640589764010783602e-01
-6.592367038865444284e-01 4.572072476929421314e-01
-6.592367038865188933e-01 -4.572072476930142404e-01
5.414519711194392126e-01 4.224521023623639127e-01
5.414519711193934715e-01 -4.224521023623692417e-01
-4.924031106017108805e-01 5.024249654567323198e-01
-4.924031106017075499e-01 -5.024249654566457224e-01
5.211240877513454439e-01 5.969151093624497362e-01
5.211240877514168313e-01 -5.969151093625137960e-01
6.425692520962340837e-02 9.040825005360351163e-01
6.425692520951709064e-02 -9.040825005360351163e-01
-4.007977986219957156e-01 -4.033739192877950908e-01
-4.007977986220056521e-01 4.033739192878183499e-01
3.537313351452591736e-01 2.695480038754222707e-01
3.537313351452425203e-01 -2.695480038754768382e-01
4.610484718204356791e-01 1.885631885225748650e-01
4.610484718204631016e-01 -1.885631885226422277e-01
4.788759122485830577e-01 5.969151093625137960e-01
4.788759122486545006e-01 -5.969151093624497362e-01
3.521818502935267770e-01 -7.504877651095189783e-01
3.521818502935110673e-01 7.504877651095656077e-01
-5.310008456084855943e-01 3.753258536905248466e-01
-5.310008456084593931e-01 -3.753258536904992004e-01
-3.180567172727370995e-01 5.497397235178896890e-01
-3.180567172728401282e-01 -5.497397235178353991e-01
-8.456955373543099119e-01 -5.261796977488296667e-01
-8.456955373542336396e-01 5.261796977488478744e-01
-6.432568638915412418e-01 1.834235084354137180e-01
-6.432568638915822090e-01 -1.834235084353877110e-01
1.391390459056520146e-01 -6.391586369702709769e-01
1.391390459056853768e-01 6.391586369703197157e-01
1.677833667364295456e-01 -7.515448591980316007e-01
1.677833667364240500e-01 7.515448591980692372e-01
1.737294964928786101e-01 -8.984386583729669917e-01
1.737294964928723373e-01 8.984386583729943032e-01
-1.291744295173425650e-01 -4.277378210105918233e-01
-1.291744295173316848e-01 4.277378210105680645e-01
1.069545593518478506e-02 -7.246661452777990453e-01
1.069545593508369752e-02 7.246661452777395374e-01
4.798782167198010207e-01 7.577201082657184505e-01
4.798782167197440662e-01 -7.577201082656318532e-01
-5.765637857579068992e-01 -3.767836224184556992e-01
-5.765637857583496562e-01 3.767836224180138860e-01
-2.891853091337923815e-02 8.141455557073231653e-01
-2.891853091338308576e-02 -8.141455557072384552e-01
-6.530996584963789653e-01 -5.783706442108872414e-01
-6.530996584963160156e-01 5.783706442111014034e-01
-4.763988288037926955e-01 -7.503217059079373419e-01
-4.763988288038507046e-01 7.503217059079172468e-01
-1.003823055737991521e-01 -3.867400313293678504e-01
-1.003823055738037456e-01 3.867400313293691272e-01
-2.839170073707850128e-01 -5.262532766496271774e-01
-2.839170073708690012e-01 5.262532766497118875e-01
6.478181497064731120e-01 7.504877651095189783e-01
6.478181497064890992e-01 -7.504877651095656077e-01
-4.177072388460272290e-01 -8.287063622127610607e-01
-4.177072388462046426e-01 8.287063622127126550e-01
-1.480293127712624945e-01 -8.957163749005968567e-01
-1.480293127712497825e-01 8.957163749004999342e-01
6.492510942384485118e-01 -5.808169535784173387e-01
6.492510942384749351e-01 5.808169535784287740e-01
-7.650223068024116779e-01 4.323977342121790302e-02
-7.650223068025160389e-01 -4.323977342123815765e-02
-7.119349875229716851e-01 5.546012978637331337e-01
-7.119349875230703839e-01 -5.546012978636930546e-01
-4.661861475147928147e-01 -6.134133173188899280e-01
-4.661861475146094058e-01 6.134133173189058041e-01
2.369255531045592333e-01 -8.700406874177297745e-01
2.369255531045795782e-01 8.700406874178087113e-01
-5.310795698146388855e-01 -4.048898370687733506e-01
-5.310795698146485444e-01 4.048898370688328585e-01
-8.645491106586798979e-01 2.941491713986242318e-01
-8.645491106587704921e-01 -2.941491713985699419e-01
6.578415422923857836e-01 4.818693065917072915e-01
6.578415422923684641e-01 -4.818693065917834528e-01
-7.909569332118381313e-01 1.343728882945784964e-01
-7.909569332115601314e-01 -1.343728882950055159e-01
-5.565110828324558723e-01 -1.386830386243302071e-01
-5.565110828324154602e-01 1.386830386243290969e-01
-7.591632322428563118e-01 1.083329672003304489e-01
-7.591632322427852575e-01 -1.083329672003325445e-01
-5.014220671122691098e-01 -5.509578162738101165e-02
-5.014220671120714901e-01 5.509578162717376076e-02
3.809810556819768212e-01 -3.909548424633692565e-01
3.809810556819434035e-01 3.909548424634382568e-01
7.579235890418352106e-01 2.403903353562710510e-01
7.579235890419130373e-01 -2.403903353563223988e-01
6.560882086014238057e-01 3.847373553702153615e-01
6.560882086014320214e-01 -3.847373553701424198e-01
-3.416930157512078348e-02 -9.764658573666031849e-01
-3.416930157512756278e-02 9.764658573665833119e-01
4.447648568157600013e-01 4.165848351181095088e-02
4.447648568158253934e-01 -4.165848351166715618e-02
-4.475583056762366674e-01 2.736532871077785867e-01
-4.475583056763292045e-01 -2.736532871076585161e-01
-5.488613232559135247e-01 1.107489525553450316e-01
-5.488613232559644839e-01 -1.107489525552414061e-01
-8.715662919914592965e-01 2.388428348392139799e-01
-8.715662919915032614e-01 -2.388428348392357681e-01
-3.533705158183771400e-01 -6.623761568308617065e-01
-3.533705158183689798e-01 6.623761568308296210e-01
-3.081770591397088588e-02 9.719329555496133421e-01
-3.081770591390855726e-02 -9.719329555496627471e-01
4.302240027053352844e-01 6.496460501032856882e-01
4.302240027053956806e-01 -6.496460501032931267e-01
4.864498936128422435e-01 4.842139108206204301e-01
4.864498936128195394e-01 -4.842139108205880116e-01
-5.609086112067452889e-01 4.119369360391238466e-01
-5.609086112067139807e-01 -4.119369360391207935e-01
-8.175380578240616369e-01 5.416318355326364964e-01
-8.175380578240504237e-01 -5.416318355326635858e-01
-1.548211481099183995e-01 -7.293523472535030638e-01
-1.548211481100615350e-01 7.293523472535039520e-01
3.933400406489330203e-01 8.674137609331793453e-01
3.933400406491452950e-01 -8.674137609331757925e-01
-7.078887444343936464e-01 -5.234418226727578505e-01
-7.078887444349851732e-01 5.234418226729042889e-01
5.819777594848370983e-01 4.480809136627032507e-01
5.819777594848610791e-01 -4.480809136627054712e-01
5.201217832801990903e-01 -7.577201082657184505e-01
5.201217832802559338e-01 7.577201082656318532e-01
-6.312767788954707360e-01 4.271871000645501848e-01
-6.312767788954719572e-01 -4.271871000645706684e-01
-1.987991390354897081e-01 3.802226652186223577e-01
-1.987991390353420762e-01 -3.802226652186176392e-01
2.345312401194823704e-01 5.443562817140462640e-01
2.345312401195280005e-01 -5.443562817140275012e-01
3.340134731948604663e-02 -9.545198100065047653e-01
3.340134731953005309e-02 9.545198100065224178e-01
3.949046968098431365e-01 3.835076828679380156e-01
3.949046968097893462e-01 -3.835076828679078176e-01
4.585534539339836679e-01 7.741704024276634399e-01
4.585534539339217730e-01 -7.741704024274844720e-01
-6.687723682585163809e-01 2.962632064427166978e-01
-6.687723682585463569e-01 -2.962632064428279421e-01
5.697759972946043749e-01 6.496460501032931267e-01
5.697759972946646601e-01 -6.496460501032856882e-01
-4.606776739073656923e-01 6.481656499015805428e-01
-4.606776739073847882e-01 -6.481656499014931683e-01
1.426489411778256722e-01 3.581071094935416310e-01
1.426489411777757677e-01 -3.581071094935829868e-01
2.420764109581649837e-01 -2.403903353562710510e-01
2.420764109580869072e-01 2.403903353563223710e-01
5.961055235422964005e-01 -2.917501756795945478e-01
5.961055235423097232e-01 2.917501756795886636e-01
2.770884571391383222e-01 -7.144800896280493196e-01
2.770884571392037699e-01 7.144800896280935065e-01
-4.888373134283099386e-01 -7.771126815009247180e-01
-4.888373134282978927e-01 7.771126815009142819e-01
4.946804970779932753e-01 1.505867394192388076e-01
4.946804970779917210e-01 -1.505867394192307862e-01
-6.428192584009981836e-01 4.027553019055870043e-01
-6.428192584010171684e-01 -4.027553019055204464e-01
5.352414560702912771e-01 -1.640433337642482337e-01
5.352414560701119761e-01 1.640433337641823974e-01
1.827188240852682666e-01 3.925675548985160246e-01
1.827188240853141743e-01 -3.925675548985042007e-01
5.986984121519137725e-01 6.814720186984228878e-01
5.986984121519933755e-01 -6.814720186984549732e-01
-6.731617592432033448e-02 4.992066685119994629e-01
-6.731617592427387164e-02 -4.992066685120474245e-01
-1.790209043925323762e-01 7.472600972317717805e-01
-1.790209043925238830e-01 -7.472600972318914625e-01
-1.835032624583254612e-01 8.214236500164805443e-01
-1.835032624580874294e-01 -8.214236500166495203e-01
-1.822222428265786731e-01 2.502628260630364032e-01
-1.822222428262785243e-01 -2.502628260629755630e-01
-8.007793545579694472e-01 -5.302329945968684566e-01
-8.007793545579833250e-01 5.302329945968173863e-01
1.904145073302740132e-01 1.713799199469844270e-01
1.904145073304787661e-01 -1.713799199469392132e-01
-6.160445981447441044e-01 -6.102171797874605952e-01
-6.160445981445520358e-01 6.102171797873932046e-01
7.193540009493946119e-01 -4.844481918505498252e-01
7.193540009495151821e-01 4.844481918504779383e-01
-9.044303745843546016e-02 -8.625130243260387131e-01
-9.044303745810629291e-02 8.625130243260472618e-01
-1.910162291976845728e-01 -7.855380733241640323e-01
-1.910162291976865712e-01 7.855380733241460467e-01
-7.563390436738644251e-02 -6.949043289875039831e-01
-7.563390436734400424e-02 6.949043289876283280e-01
4.701919471868751810e-01 7.071272445070531099e-01
4.701919471868202249e-01 -7.071272445069477497e-01
8.241655741803737278e-01 -5.032152261209135169e-01
8.241655741804048141e-01 5.032152261208830968e-01
5.619354657977806422e-01 3.272675013697159407e-01
5.619354657977764234e-01 -3.272675013697263213e-01
-1.970563771981332923e-01 -9.682638030289281161e-01
-1.970563771982470624e-01 9.682638030285648512e-01
5.049850672201571244e-01 -4.084676135336917646e-01
5.049850672202971236e-01 4.084676135336127722e-01
6.005952608977733753e-01 5.522902607635828964e-01
6.005952608976143914e-01 -5.522902607636064332e-01
-2.651517333310611235e-01 -9.109744049147285860e-01
-2.651517333311155245e-01 9.109744049147215916e-01
4.049655537946650896e-01 6.016541844768772407e-01
4.049655537947912110e-01 -6.016541844765809222e-01
9.785203979832905741e-02 8.295895166444235969e-01
9.785203979834410093e-02 -8.295895166446645153e-01
3.179033726778007218e-01 -4.497620975492350182e-01
3.179033726779128544e-01 4.497620975493034079e-01
4.353548270381943919e-01 4.612570206692477304e-01
4.353548270381212282e-01 -4.612570206692884756e-01
4.122111003546186092e-01 -6.270264232419574535e-01
4.122111003545783081e-01 6.270264232419282546e-01
-2.656436351216699965e-01 7.841602215433475243e-01
-2.656436351217372760e-01 -7.841602215432454948e-01
7.192836939940455698e-01 2.821491140356698901e-01
7.192836939941104069e-01 -2.821491140356740535e-01
-5.513131217450489840e-01 -6.894011864109770293e-01
-5.513131217451717747e-01 6.894011864109350629e-01
5.824896113654577379e-01 -7.613432739459690124e-01
5.824896113656603536e-01 7.613432739459743415e-01
1.265689994992322785e-02 -9.359416806254716725e-01
1.265689994988582895e-02 9.359416806254905463e-01
6.501859882999813101e-01 -2.318770472671431992e-01
6.501859882999471152e-01 2.318770472671767557e-01
-2.180369070839775422e-02 6.737587503118883658e-01
-2.180369070836984252e-02 -6.737587503120830990e-01
7.293063307447773536e-01 6.017928891590861307e-01
7.293063307447693600e-01 -6.017928891590493823e-01
5.416282248463084592e-01 9.617467882030385218e-02
5.416282248464046045e-01 -9.617467882033138571e-02
-8.321839319583399508e-01 -4.588766711853220492e-01
-8.321839319588018036e-01 4.588766711856018254e-01
4.500721872379855326e-01 1.749808500860768889e-01
4.500721872380411548e-01 -1.749808500861120553e-01
3.214395371367735343e-01 -5.259114124301539350e-01
3.214395371367363419e-01 5.259114124301528248e-01
2.640383918990213408e-01 -3.626075534955484625e-01
2.640383918990577006e-01 3.626075534955053858e-01
-4.233383831094070793e-01 5.653261638726914118e-01
-4.233383831096583227e-01 -5.653261638730211480e-01
1.604657832544450768e-01 -6.986457336832669895e-01
1.604657832544203744e-01 6.986457336832102571e-01
6.516535865071260147e-02 -1.735461475814017163e-01
6.516535865071687583e-02 1.735461475813598886e-01
-6.649167351969759165e-01 -2.574964168643841256e-01
-6.649167351971553286e-01 2.574964168637786099e-01
1.768104927408914728e-01 -9.752392820427534526e-01
1.768104927407945781e-01 9.752392820426918352e-01
7.625315385389009881e-01 3.597659296464580936e-01
7.625315385389126455e-01 -3.597659296463585621e-01
-9.964166690002811411e-01 1.270597935931306634e-02
-9.964166690003348759e-01 -1.270597935908591297e-02
-6.219727042228388042e-02 8.677059005888485554e-01
-6.219727042238626380e-02 -8.677059005889679044e-01
3.103340487691186311e-01 -3.883208482464852174e-01
3.103340487691115812e-01 3.883208482463597622e-01
-4.407579089656607496e-01 -2.933642300844720441e-01
-4.407579089657914229e-01 2.933642300843173345e-01
5.296643307542390211e-01 -5.817260286190391039e-01
5.296643307541187840e-01 5.817260286189999130e-01
-1.726658371178401985e-01 -6.197815304493224930e-01
-1.726658371182060725e-01 6.197815304492487742e-01
4.175103886345420956e-01 7.613432739459690124e-01
4.175103886343395909e-01 -7.613432739459743415e-01
-9.438338776908906658e-01 -2.989575804865757247e-01
-9.438338776909321881e-01 2.989575804867277697e-01
-6.036119203794613197e-01 -2.462447703598764914e-01
-6.036119203795501376e-01 2.462447703600661730e-01
-2.762716010974014536e-01 -2.357901645135443147e-01
-2.762716010973952363e-01 2.357901645135508928e-01
5.226908044269626963e-01 4.785172142941171991e-01
5.226908044268411269e-01 -4.785172142943585616e-01
-4.763586112375647330e-01 -5.051644133476509424e-01
-4.763586112375150505e-01 5.051644133477192211e-01
3.890481907035142073e-01 1.900407413116441957e-01
3.890481907037400267e-01 -1.900407413117046473e-01
-5.552808331357402816e-01 8.212324149453150701e-01
-5.552808331356997584e-01 -8.212324149453310573e-01
-3.407014215065068408e-02 -1.919685916218665522e-01
-3.407014215062963147e-02 1.919685916219080468e-01
-5.091221369761819160e-01 -1.739183256006271994e-01
-5.091221369761880222e-01 1.739183256003846434e-01
6.627356597623553780e-01 -2.873729597501475941e-01
6.627356597624594059e-01 2.873729597501794575e-01
7.831293117870221643e-01 -4.374721761066658332e-01
7.831293117870374854e-01 4.374721761065619718e-01
3.955240525702269916e-01 -5.182181291550396196e-01
3.955240525701783638e-01 5.182181291550627122e-01
-6.610156760369242379e-01 1.072399240005579985e-01
-6.610156760368854911e-01 -1.072399240006911697e-01
-4.141069783940082849e-01 -1.830462619675467528e-01
-4.141069783940555249e-01 1.830462619674873281e-01
3.335519922377355173e-01 -1.357008040502424573e-01
3.335519922377077062e-01 1.357008040503319135e-01
6.414508071306130876e-01 -1.106417821866995527e-01
6.414508071306092019e-01 1.106417821867874546e-01
-1.229121448509305770e-02 -9.089002826630080412e-01
-1.229121448509149991e-02 9.089002826629900555e-01
1.842597999237867712e-01 6.731144803113869868e-01
1.842597999237448603e-01 -6.731144803113880970e-01
-2.640625535325268891e-01 -2.251988517059034800e-01
-2.640625535325037965e-01 2.251988517059006212e-01
-3.644784934582891434e-01 4.866165217585626812e-01
-3.644784934582782632e-01 -4.866165217584629832e-01
-7.898515149704025129e-01 3.178165145237002442e-01
-7.898515149700723326e-01 -3.178165145236760969e-01
6.785604628632637692e-01 -5.259114124301527138e-01
6.785604628632264657e-01 5.259114124301539350e-01
-1.009426801633951237e-01 6.198928548941612382e-01
-1.009426801635604637e-01 -6.198928548940479955e-01
-4.249602327018136561e-01 -3.403469075187215420e-01
-4.249602327017508174e-01 3.403469075185978632e-01
3.530976411373089041e-01 -5.610966084910202767e-01
3.530976411372896417e-01 5.610966084910651297e-01
2.962441181957199410e-01 -6.470975443501936208e-01
2.962441181955848823e-01 6.470975443499042967e-01
-5.139242008468951628e-01 -2.611319056975917041e-01
-5.139242008468343226e-01 2.611319056977902675e-01
2.300327671963740550e-01 -7.079783181344513343e-01
2.300327671966770349e-01 7.079783181346251952e-01
-7.559510805644620648e-03 -5.925683936196783907e-01
-7.559510805790593292e-03 5.925683936192734924e-01
-2.487563478180995769e-01 -6.610666701289321656e-01
-2.487563478180102317e-01 6.610666701289581448e-01
7.932768197233665275e-02 -7.135577530057780615e-01
7.932768197232560603e-02 7.135577530058275775e-01
-7.168536806526707439e-01 -6.637687705262189652e-01
-7.168536806529807182e-01 6.637687705269230687e-01
-7.338417014804201610e-01 2.892600129556486821e-01
-7.338417014803949590e-01 -2.892600129558030586e-01
-6.512419944774049396e-01 -5.254066464474757003e-01
-6.512419944774805458e-01 5.254066464476586651e-01
1.442527191718354085e-01 9.398602818296448724e-01
1.442527191718801782e-01 -9.398602818294455874e-01
-8.964354378030428006e-01 1.340865329830228936e-01
-8.964354378031305082e-01 -1.340865329834495523e-01
-5.901483216504950224e-01 -2.407509266780914481e-01
-5.901483216505297724e-01 2.407509266781170387e-01
-5.352251564514544091e-01 -7.992385151786564057e-01
-5.352251564512982007e-01 7.992385151786073338e-01
4.703356692458812716e-01 -5.817260286190000240e-01
4.703356692457611454e-01 5.817260286190391039e-01
-4.162346932867980881e-02 8.958782931346356282e-01
-4.162346932884818801e-02 -8.958782931344518863e-01
3.498140117000529403e-01 -2.318770472671767557e-01
3.498140117000188565e-01 2.318770472671431992e-01
-5.707910925082682052e-01 -5.700073108091360252e-01
-5.707910925082745335e-01 5.700073108091675556e-01
-5.612927169178099085e-01 1.788483070601233627e-01
-5.612927169178125730e-01 -1.788483070601261382e-01
3.585491928693870234e-01 1.106417821866995527e-01
3.585491928693907981e-01 -1.106417821867874546e-01
2.706936692552225909e-01 -6.017928891590861307e-01
2.706936692552306400e-01 6.017928891590494933e-01
-9.134560767592938557e-01 -1.072688118256650558e-01
-9.134560767592712072e-01 1.072688118258301460e-01
-5.353644190745745490e-01 -1.887054023634622893e-02
-5.353644190745878717e-01 1.887054023631666230e-02
4.481691256707633908e-01 4.746180518681185623e-01
4.481691256708461579e-01 -4.746180518682212579e-01
-1.928113041630032942e-01 6.310340069601978463e-01
-1.928113041630034330e-01 -6.310340069602125013e-01
6.595108514740550820e-01 4.202615657039374120e-01
6.595108514740714023e-01 -4.202615657039270314e-01
-4.923919000686320380e-01 -4.642187136545524173e-01
-4.923919000690024639e-01 4.642187136549869031e-01
6.716131556803945912e-01 -5.001245993227254605e-01
6.716131556805298164e-01 5.001245993225950093e-01
-7.323104495996042296e-01 -2.237079920763252461e-01
-7.323104495995064189e-01 2.237079920762106433e-01
-8.581184665523359234e-01 -1.778114238531094404e-01
-8.581184665521741639e-01 1.778114238532140234e-01
-4.083440855818657594e-02 9.528715208042725093e-01
-4.083440855772915018e-02 -9.528715208045560603e-01
2.023931246566783582e-01 4.977630826311937318e-01
2.023931246566793574e-01 -4.977630826311061352e-01
2.625707542841073105e-01 -4.336987134310991143e-01
2.625707542843144227e-01 4.336987134313364800e-01
7.131042292359811574e-01 -4.209552051172768539e-01
7.131042292360307844e-01 4.209552051171642217e-01
2.677373381787806483e-02 5.436642532753735990e-01
2.677373381797792593e-02 -5.436642532754575319e-01
-3.717132162276053919e-01 -8.694228644736975431e-01
-3.717132162274212615e-01 8.694228644739632195e-01
-4.221811411313558526e-01 1.009156418545452683e-01
-4.221811411313647899e-01 -1.009156418546470202e-01
7.362590528706062232e-01 4.251668409324304565e-01
7.362590528706294268e-01 -4.251668409324498299e-01
-6.719155770429502406e-01 4.703210246763115387e-01
-6.719155770429530161e-01 -4.703210246764791269e-01
6.896659512308814799e-01 3.883208482464852174e-01
6.896659512308881412e-01 -3.883208482463598177e-01
-3.925660591007167910e-01 -5.371479537751996380e-01
-3.925660591007202882e-01 5.371479537752251732e-01
-2.700908552160125042e-01 -5.507320495563798879e-01
-2.700908552158317044e-01 5.507320495562760820e-01
-5.490934154549599322e-01 -4.640479497810962028e-01
-5.490934154548916535e-01 4.640479497811660914e-01
8.077501284788711766e-01 4.129062800304025838e-02
8.077501284788919378e-01 -4.129062800301015052e-02
9.767344896664506559e-02 5.631155641542430201e-01
9.767344896673446630e-02 -5.631155641542854307e-01
1.178348360955480956e-01 7.651539290503274193e-01
1.178348360956122109e-01 -7.651539290503099888e-01
8.790771388459921176e-02 -9.628766857084763986e-01
8.790771388459446556e-02 9.628766857084822828e-01
3.744964070696518155e-01 -3.311291094172894578e-01
3.744964070696661373e-01 3.311291094172451044e-01
9.779233610329611526e-02 -7.555305930361608802e-01
9.779233610349570560e-02 7.555305930360024513e-01
6.293657911998200571e-01 2.039446639973131192e-01
6.293657911998077337e-01 -2.039446639972999631e-01
5.518308743291537866e-01 4.746180518682212579e-01
5.518308743292366092e-01 -4.746180518681185623e-01
8.939818946056732329e-02 -9.116577167077185573e-01
8.939818946061423022e-02 9.116577167077980492e-01
5.332952165931352795e-01 -5.103333479722830385e-02
5.332952165931752475e-01 5.103333479726655103e-02
-3.957700291185649033e-01 -5.773423665745877065e-01
-3.957700291182612573e-01 5.773423665745167632e-01
3.372643402375406496e-01 -2.873729597501794575e-01
3.372643402376446775e-01 2.873729597501475941e-01
3.431647942811772434e-01 5.007199738940761868e-01
3.431647942812351970e-01 -5.007199738940527611e-01
3.882221603903768803e-01 -2.530540550159202096e-01
3.882221603904930651e-01 2.530540550158482116e-01
3.484948646903019975e-01 -5.455862114057623558e-01
3.484948646904398872e-01 5.455862114056405643e-01
2.460265204243491655e-01 4.956029509533512178e-01
2.460265204244370951e-01 -4.956029509533653732e-01
3.017237715092104255e-01 8.665975790758997377e-01
3.017237715092844219e-01 -8.665975790759463671e-01
3.340941617897589255e-01 -8.981716914070652091e-01
3.340941617897698057e-01 8.981716914071709024e-01
6.109518092962600289e-01 1.900407413117046473e-01
6.109518092964858482e-01 -1.900407413116441957e-01
-3.844946080024384816e-02 -5.051363701466980993e-01
-3.844946080022373230e-02 5.051363701466961009e-01
-1.344830488399209323e-01 6.601655698514530268e-01
-1.344830488399307022e-01 -6.601655698514699022e-01
-9.354186962340569345e-01 -1.418519615924909195e-03
-9.354186962341184408e-01 1.418519615952284433e-03
2.628643352304555481e-01 8.811187791166684713e-01
2.628643352304579905e-01 -8.811187791167193195e-01
3.740898986823065209e-01 -5.347633333529823174e-01
3.740898986823582573e-01 5.347633333529590027e-01
5.166837877327847828e-01 -3.786912307685517932e-04
5.166837877327684625e-01 3.786912307758390954e-04
-1.771592138169256203e-02 -7.154838280552008323e-01
-1.771592138173627706e-02 7.154838280552632268e-01
6.110112142663575163e-01 -2.958491941755020949e-01
6.110112142663465251e-01 2.958491941754959886e-01
-5.714271516651550087e-01 2.659170441166052168e-01
-5.714271516651857619e-01 -2.659170441165146781e-01
7.646816983443739668e-02 7.890445591422757809e-01
7.646816983439143345e-02 -7.890445591423457250e-01
4.982617486614875357e-01 7.195761004500271854e-03
4.982617486615385505e-01 -7.195761004512312570e-03
-6.134215269903071227e-02 -8.622467627859063954e-01
-6.134215269906928558e-02 8.622467627858627637e-01
3.082330138347647019e-02 -2.807318353185865867e-01
3.082330138345378695e-02 2.807318353186397664e-01
4.806646971241594624e-02 2.757371771735852573e-01
4.806646971246270050e-02 -2.757371771736175647e-01
5.138435555614474515e-01 5.554817857829693617e-01
5.138435555614863093e-01 -5.554817857829984495e-01
4.414535736778816277e-01 -6.676460911639459095e-01
4.414535736779198749e-01 6.676460911639408025e-01
5.885435486786527726e-01 6.297602597436714467e-01
5.885435486786384507e-01 -6.297602597436426919e-01
-3.106031590002497622e-01 -5.355965796372947896e-01
-3.106031590001790410e-01 5.355965796373232113e-01
5.585464263220799586e-01 -6.676460911639408025e-01
5.585464263221184833e-01 6.676460911639459095e-01
3.402431544182077383e-01 6.394515600179159209e-01
3.402431544182348278e-01 -6.394515600179085935e-01
-8.566036507814980272e-01 -3.488072398559297627e-01
-8.566036507814622780e-01 3.488072398559053933e-01
-3.959328116241394024e-01 -8.719374685601436470e-01
-3.959328116242162299e-01 8.719374685602154784e-01
-5.535670766351536987e-01 6.567670077137179041e-02
-5.535670766351076244e-01 -6.567670077132346795e-02
-9.926612259021347917e-01 -2.857807613087932214e-02
-9.926612259023362972e-01 2.857807613093302224e-02
-4.339333644431214720e-01 8.764842444068345895e-01
-4.339333644431808135e-01 -8.764842444067699745e-01
-6.411586265327712253e-01 -4.404336869775156704e-01
-6.411586265327069434e-01 4.404336869774733154e-01
1.026059193965577626e-01 9.701125197532134425e-01
1.026059193966031291e-01 -9.701125197531418332e-01
-3.258023961989079953e-01 6.419482349801977072e-01
-3.258023961988827377e-01 -6.419482349801872711e-01
4.861564444385138017e-01 5.554817857829984495e-01
4.861564444385525485e-01 -5.554817857829693617e-01
-5.328764809641313160e-01 -4.546418560754597604e-01
-5.328764809641185485e-01 4.546418560753613947e-01
-6.981439008330792007e-01 5.770800828462939736e-01
-6.981439008329872742e-01 -5.770800828462252507e-01
-3.860520482554563593e-01 4.709311015236280484e-01
-3.860520482553456145e-01 -4.709311015235585485e-01
1.402636728886767076e-02 -5.672877105312463808e-01
1.402636728885443655e-02 5.672877105312049695e-01
-5.955429021188606287e-01 1.871802784386416771e-02
-5.955429021188923810e-01 -1.871802784391967192e-02
-7.737814603131443203e-01 -5.165750531231770859e-01
-7.737814603131387692e-01 5.165750531231385612e-01
-4.866677377309068797e-01 6.676149977187378903e-01
-4.866677377309632790e-01 -6.676149977188859941e-01
5.076967436953687685e-01 -3.103269704296258147e-01
5.076967436953581103e-01 3.103269704296549580e-01
-2.734955431384868962e-01 -8.150696888866436618e-01
-2.734955431384342717e-01 8.150696888866416634e-01
-1.859106357015977706e-01 4.740039996431267832e-01
-1.859106357015340716e-01 -4.740039996431413272e-01
4.114564513213472274e-01 -6.297602597436714467e-01
4.114564513213614938e-01 6.297602597436426919e-01
3.851168853614582721e-01 7.267674973560694918e-01
3.851168853614389542e-01 -7.267674973560624974e-01
1.138161246817641359e-01 -9.420476969948963220e-01
1.138161246817236266e-01 9.420476969949466151e-01
-2.715156672581792718e-01 -9.262485726699922761e-01
-2.715156672581832131e-01 9.262485726700090405e-01
-4.353250108773332738e-01 4.614162179000976249e-01
-4.353250108773125682e-01 -4.614162179002159192e-01
-3.545840616302347037e-01 3.982378906652932898e-02
-3.545840616301670911e-01 -3.982378906658438911e-02
-7.608861898869770934e-01 3.973680742318216330e-01
-7.608861898870106222e-01 -3.973680742320535586e-01
3.450398624453671070e-01 -6.120797225574441391e-01
3.450398624453748231e-01 6.120797225574435840e-01
-5.723004820938893539e-02 -7.901461121546449196e-01
-5.723004820931629905e-02 7.901461121546574651e-01
2.380180783816012724e-01 -4.384123118916172235e-01
2.380180783816238377e-01 4.384123118916420925e-01
-6.440295113369111091e-01 5.671620558420766844e-01
-6.440295113369831626e-01 -5.671620558420070735e-01
-8.809739178164477380e-02 7.795144086884084889e-01
-8.809739178160251594e-02 -7.795144086883950552e-01
-6.587368209450776835e-01 6.280051935953013809e-01
-6.587368209450460421e-01 -6.280051935952445374e-01
-4.590735968947505241e-01 -2.102198597807315716e-02
-4.590735968948311263e-01 2.102198597800195370e-02
-5.902646628314499599e-01 -7.886785287592273930e-01
-5.902646628314033306e-01 7.886785287592189553e-01
9.150923434362777387e-02 7.289960240670769753e-01
9.150923434361049602e-02 -7.289960240670656511e-01
3.215249374521094161e-01 -8.019306620841225586e-01
3.215249374520981474e-01 8.019306620841027966e-01
-9.858923424584137285e-01 9.256875075753012716e-02
-9.858923424584330464e-01 -9.256875075755735538e-02
6.181169401333966862e-01 -6.008686624452475034e-01
6.181169401334279945e-01 6.008686624452127534e-01
-5.688101359561461567e-01 7.677736929288642154e-01
-5.688101359561328341e-01 -7.677736929287537482e-01
-8.724521988159158470e-01 2.337923701141910449e-01
-8.724521988158766561e-01 -2.337923701140906252e-01
-2.631102786164136315e-02 5.412618045373706055e-01
-2.631102786169275259e-02 -5.412618045373376319e-01
2.376682086346880718e-01 -4.020429186172801983e-01
2.376682086346893763e-01 4.020429186172349012e-01
-1.618378132574271044e-01 -4.375175176324569426e-01
-1.618378132575215567e-01 4.375175176324436754e-01
-9.472469910935732429e-01 3.898234564098186639e-02
-9.472469910935995552e-01 -3.898234564092332294e-02
-7.222979159744415956e-01 5.404278666121694608e-01
-7.222979159744008504e-01 -5.404278666122166452e-01
4.851829219525562453e-01 -6.962601410785252964e-01
4.851829219525307102e-01 6.962601410785407285e-01
-6.881127336114922777e-01 -3.776817706573920019e-01
-6.881127336114500892e-01 3.776817706573686872e-01
-6.290604660479535148e-01 -2.447582769442517847e-01
-6.290604660478874566e-01 2.447582769441122019e-01
-7.118085886559968357e-03 -7.828822012003465725e-01
-7.118085886623511278e-03 7.828822012002535358e-01
7.730851818526505159e-01 2.989612200753830051e-01
7.730851818525654728e-01 -2.989612200754317994e-01
-9.273319254478071261e-02 8.657584675666852858e-01
-9.273319254474031437e-02 -8.657584675667696628e-01
2.269148181474344439e-01 2.989612200754317994e-01
2.269148181473493453e-01 -2.989612200753830051e-01
-3.313271774539484626e-01 8.332603831824454410e-01
-3.313271774539532366e-01 -8.332603831824686447e-01
5.334434103272007316e-02 8.569949887353608409e-01
5.334434103271119137e-02 -8.569949887354209039e-01
6.189303227277669350e-01 -4.811248454745096215e-01
6.189303227278125652e-01 4.811248454744574410e-01
-1.804826416473355455e-01 -8.696089283502560496e-01
-1.804826416473225559e-01 8.696089283502247413e-01
-6.143664421003522946e-01 -6.351936737812724498e-01
-6.143664421004594312e-01 6.351936737812550193e-01
-5.525483494799686701e-01 -8.318764983357372911e-01
-5.525483494799532380e-01 8.318764983356762288e-01
4.482757787212136580e-01 -4.041864123885023918e-01
4.482757787213173528e-01 4.041864123885863802e-01
-3.295626839388127866e-02 9.124011913767881010e-01
-3.295626839384795115e-02 -9.124011913767774429e-01
-1.252428665243581485e-01 4.351447785495930476e-01
-1.252428665244020856e-01 -4.351447785497289389e-01
-5.259836671158972798e-01 5.681713209692353939e-01
-5.259836671158562016e-01 -5.681713209689849275e-01
3.406066549145648215e-01 -8.918290346404073032e-01
3.406066549145176925e-01 8.918290346403496827e-01
-4.976032959133367406e-01 3.683247196870917950e-01
-4.976032959133451783e-01 -3.683247196871962115e-01
-5.139961310198071232e-01 -1.121896357534237915e-01
-5.139961310198243316e-01 1.121896357534754446e-01
-2.851723471850024505e-01 5.662519074531617846e-01
-2.851723471849834102e-01 -5.662519074531799923e-01
-7.443646915500401473e-01 5.765425917091215879e-01
-7.443646915500606864e-01 -5.765425917092328323e-01
-9.904511618423703645e-01 1.210011929597819419e-01
-9.904511618423391672e-01 -1.210011929596947478e-01
-7.359170740448971459e-01 1.871007073336189083e-02
-7.359170740448199854e-01 -1.871007073341362029e-02
-6.709879871154260655e-01 -1.607267243124130551e-01
-6.709879871154660336e-01 1.607267243121884015e-01
4.244708900574665766e-01 -2.142874407498243094e-01
4.244708900573931354e-01 2.142874407497630251e-01
-7.689723841120250647e-01 -4.417051496218142304e-01
-7.689723841120136294e-01 4.417051496217362372e-01
5.275343015396730673e-01 1.217636772466597905e-01
5.275343015397124802e-01 -1.217636772466309525e-01
1.169875671035919967e-01 9.368499032604882260e-01
1.169875671034700110e-01 -9.368499032605798194e-01
-1.794869659154054997e-01 8.640777164130600818e-01
-1.794869659153010277e-01 -8.640777164133257582e-01
5.637405743277512649e-01 2.758571141256467851e-01
5.637405743277974501e-01 -2.758571141255836134e-01
-5.467708897389681466e-01 6.108582185195100545e-01
-5.467708897389231826e-01 -6.108582185195587932e-01
-1.996859844484723812e-01 8.127617717084909543e-01
-1.996859844487301749e-01 -8.127617717086130789e-01
2.723667443869772775e-01 8.359078849832959346e-01
2.723667443868710292e-01 -8.359078849833140312e-01
4.075574758571198775e-01 6.806002522701564139e-01
4.075574758571173239e-01 -6.806002522702441215e-01
-5.375400715079595715e-01 -1.182908932449971973e-01
-5.375400715079340364e-01 1.182908932449908412e-01
1.033274835002585962e-01 4.010571832846802076e-01
1.033274835002225556e-01 -4.010571832847508733e-01
-5.414688051269638258e-01 -8.228108854543279005e-01
-5.414688051269076485e-01 8.228108854542086625e-01
-7.621906292502128588e-01 -4.079072135914836306e-01
-7.621906292502406144e-01 4.079072135916272379e-01
7.067901170550730527e-02 -4.156599550833138257e-01
7.067901170558682500e-02 4.156599550833348089e-01
-8.335407352305493900e-01 -4.119397270376591313e-01
-8.335407352305500561e-01 4.119397270376871645e-01
-7.997284487819534826e-01 4.154072130087581582e-01
-7.997284487818754339e-01 -4.154072130086108872e-01
-4.651734384087197749e-01 7.187338141331430785e-01
-4.651734384086598784e-01 -7.187338141331297559e-01
-4.338505191224776847e-01 6.567402711014395100e-01
-4.338505191225450752e-01 -6.567402711014167505e-01
-7.050100859280837851e-01 -4.853707258636778127e-02
-7.050100859276984266e-01 4.853707258598451840e-02
-8.551598194492313620e-01 1.229857106573079145e-01
-8.551598194493252869e-01 -1.229857106575840547e-01
-2.693647132332002148e-01 5.419780683744442884e-01
-2.693647132330755922e-01 -5.419780683743807836e-01
-2.496010295771526957e-02 8.824765496230656536e-01
-2.496010295744495802e-02 -8.824765496231371520e-01
1.599184747552050700e-01 5.993649082484951984e-01
1.599184747552463981e-01 -5.993649082485047463e-01
1.869544698294784424e-01 -6.107219973943983637e-01
1.869544698294864638e-01 6.107219973943891489e-01
-2.912913368535668956e-01 7.265050987204282329e-01
-2.912913368535671732e-01 -7.265050987205070587e-01
3.295192292001052348e-01 7.723323653908630293e-01
3.295192292000792000e-01 -7.723323653908444886e-01
1.834676582944469447e-01 -6.492983489752836013e-01
1.834676582944404777e-01 6.492983489752485182e-01
5.924425241428825650e-01 6.806002522702441215e-01
5.924425241428800115e-01 -6.806002522701564139e-01
-1.197524533830547216e-01 4.209459748765334020e-01
-1.197524533828603077e-01 -4.209459748767508391e-01
4.724656984602874643e-01 1.217636772466310080e-01
4.724656984603269327e-01 -1.217636772466597905e-01
3.336762617886164795e-01 2.844988904945970343e-01
3.336762617886857019e-01 -2.844988904945727204e-01
8.268392083993196806e-01 -1.202692753724864255e-01
8.268392083993165720e-01 1.202692753724982216e-01
8.372450003610378833e-01 4.676892974959049321e-01
8.372450003610760749e-01 -4.676892974959191984e-01
3.261582291458212102e-01 6.996950925186762316e-01
3.261582291457670313e-01 -6.996950925186971038e-01
7.939717606877553235e-01 -6.051201935127586973e-01
7.939717606877616518e-01 6.051201935127620279e-01
6.943403447239394621e-01 -4.951016159129781324e-01
6.943403447238924997e-01 4.951016159129275618e-01
5.705191839489658356e-01 5.158120660880308739e-01
5.705191839488970018e-01 -5.158120660880634034e-01
9.291980437412484806e-01 1.080755840697659453e-01
9.291980437412281635e-01 -1.080755840698239267e-01
4.048250583968838745e-01 -1.094451147774616329e-01
4.048250583968703298e-01 1.094451147774742755e-01
3.873865911452631927e-01 6.154234598018241131e-01
3.873865911452121225e-01 -6.154234598017991331e-01
1.064042205182967882e-01 4.971429567444670683e-01
1.064042205181355560e-01 -4.971429567443234054e-01
5.379018191004819593e-01 2.730991305063328878e-01
5.379018191004805161e-01 -2.730991305063194541e-01
2.859091818842727784e-01 7.414883770337243885e-01
2.859091818842526833e-01 -7.414883770337825641e-01
5.092320872202795723e-01 -6.928171717717876987e-01
5.092320872202464876e-01 6.928171717717617195e-01
3.448218059817981240e-01 3.383125720627492838e-01
3.448218059818091152e-01 -3.383125720627898070e-01
6.045010042829358499e-01 -4.686157812226853236e-01
6.045010042829703778e-01 4.686157812227361164e-01
4.045472090350051286e-01 -2.462896881050827616e-02
4.045472090346843852e-01 2.462896881062747942e-02
2.788046861185177749e-01 3.816309506554071418e-01
2.788046861185305980e-01 -3.816309506554498299e-01
2.990596656869493608e-01 1.691765320576812948e-01
2.990596656868929060e-01 -1.691765320577026110e-01
3.555894265434614981e-02 -8.719607480441498026e-01
3.555894265430310092e-02 8.719607480440285663e-01
-7.504245618050090494e-01 5.524920095774473738e-01
-7.504245618050485733e-01 -5.524920095773241391e-01
-6.183220972781666713e-02 -1.235023437936170476e-01
-6.183220972780918007e-02 1.235023437935472146e-01
4.286138423161547362e-01 -5.221102844955572975e-01
4.286138423161021116e-01 5.221102844956515554e-01
8.455227304590541212e-03 8.291955345500787722e-01
8.455227304564371174e-03 -8.291955345501788033e-01
-7.940153922769421779e-01 6.030225818486251166e-01
-7.940153922768831141e-01 -6.030225818486268929e-01
6.135096495303655750e-01 1.131241664108245670e-01
6.135096495304157571e-01 -1.131241664108399020e-01
-8.344675350953308923e-01 -5.287823256830163077e-01
-8.344675350951771264e-01 5.287823256830028740e-01
-8.608608705896013402e-02 -1.213452644998856411e-01
-8.608608705892421831e-02 1.213452644998353758e-01
-6.252221248963449884e-01 -2.988577131944826770e-01
-6.252221248963917288e-01 2.988577131944635812e-01
6.265339991440567191e-01 5.168514539669418761e-01
6.265339991440839196e-01 -5.168514539669667451e-01
4.707888494771916843e-01 4.262306260975237682e-01
4.707888494770823273e-01 -4.262306260976091998e-01
-8.843879460388432978e-01 -3.651627898301484931e-01
-8.843879460388267555e-01 3.651627898301442743e-01
6.738417708542328022e-01 6.996950925186971038e-01
6.738417708541788453e-01 -6.996950925186762316e-01
2.512137000905129702e-01 8.420198167201110584e-01
2.512137000904122730e-01 -8.420198167201892181e-01
-6.025874547123664104e-01 7.701746729516928403e-01
-6.025874547124345781e-01 -7.701746729516978363e-01
5.745847424266160852e-02 -2.932436841430638430e-01
5.745847424252142205e-02 2.932436841430415275e-01
3.267203594500013575e-02 -3.009552451560250086e-01
3.267203594489465762e-02 3.009552451561254838e-01
1.741833231031903184e-01 -4.612396892975746954e-01
1.741833231030708862e-01 4.612396892976544649e-01
4.461492498006483509e-01 -6.229173229795800237e-01
4.461492498007503249e-01 6.229173229796698408e-01
5.151307215339465673e-01 -3.671946097090396655e-01
5.151307215339517853e-01 3.671946097090616479e-01
1.454278611842375057e-01 4.754325497022008351e-01
1.454278611842729774e-01 -4.754325497024044500e-01
-6.765260700676241079e-01 -6.934405030323308183e-02
-6.765260700685518103e-01 6.934405030297317862e-02
-7.479683027043710908e-01 9.508274928986185093e-02
-7.479683027043806387e-01 -9.508274928988942609e-02
7.211953138814822806e-01 -3.816309506554071418e-01
7.211953138814694020e-01 3.816309506554498299e-01
-8.325829985540393607e-02 -5.732218260740318261e-01
-8.325829985536162270e-02 5.732218260740838955e-01
-3.569370089658219780e-01 6.031729896389382839e-01
-3.569370089659355538e-01 -6.031729896389967926e-01
-1.461311606991074208e-01 9.231026249769179737e-01
-1.461311606993387358e-01 -9.231026249771094871e-01
4.681160664516576531e-01 -1.495240847918894583e-02
4.681160664517299286e-01 1.495240847926878822e-02
2.032888319074518113e-01 -6.072080142904933142e-01
2.032888319074567796e-01 6.072080142904879851e-01
4.294808160511029982e-01 5.158120660880634034e-01
4.294808160510341644e-01 -5.158120660880308739e-01
-3.481227861787150601e-01 3.253782477465542167e-01
-3.481227861788304678e-01 -3.253782477465673728e-01
-8.786247661754944538e-01 -5.281220791110358831e-02
-8.786247661752552007e-01 5.281220791080760979e-02
8.488221324664978473e-01 2.548684418221345283e-01
8.488221324665065071e-01 -2.548684418220785730e-01
7.221068663121692488e-01 -5.979718683658965528e-01
7.221068663124957654e-01 5.979718683656699563e-01
3.193099765154761190e-03 2.749735226017441803e-01
3.193099765086284281e-03 -2.749735226016142287e-01
7.700613026997359112e-02 5.155156315050293259e-01
7.700613027011950218e-02 -5.155156315049622684e-01
-3.329581203435260511e-02 -8.010221997314818099e-01
-3.329581203425384384e-02 8.010221997314462827e-01
-8.896309963065355264e-01 4.345402624906847255e-01
-8.896309963065174298e-01 -4.345402624908011324e-01
-4.780710016682139241e-01 7.504341704165322646e-01
-4.780710016682461760e-01 -7.504341704165135019e-01
-3.110368211632581481e-01 -1.330695580567146374e-01
-3.110368211632259516e-01 1.330695580567494152e-01
-4.255886747010053650e-01 6.028270619380248219e-01
-4.255886747010414473e-01 -6.028270619380190487e-01
2.139990697038908762e-01 3.193493996241432709e-01
2.139990697039101109e-01 -3.193493996240727717e-01
9.093855141942535081e-01 1.016030193803906106e-01
9.093855141942147613e-01 -1.016030193804250414e-01
4.608592574242061923e-01 -6.653545713257662531e-01
4.608592574241798800e-01 6.653545713256998617e-01
-3.633813365014422203e-01 5.465080040012110230e-02
-3.633813365014430530e-01 -5.465080040008771234e-02
-5.763709493019868457e-01 2.906647837251356559e-01
-5.763709493018518426e-01 -2.906647837251263300e-01
-1.853665429413044741e-01 7.250293168737906857e-01
-1.853665429413836607e-01 -7.250293168738844996e-01
2.941735797778327263e-02 -3.619676327351823986e-01
2.941735797771376226e-02 3.619676327351431522e-01
-3.893417268951818722e-01 -3.931633583166981860e-01
-3.893417268951757104e-01 3.931633583167080115e-01
-5.190938660510607816e-01 2.925685553440269815e-01
-5.190938660509762936e-01 -2.925685553440931508e-01
4.622934004139588049e-02 8.715182611932242862e-01
4.622934004156033921e-02 -8.715182611931512335e-01
3.854107287342967147e-01 1.601342380383816710e-01
3.854107287342936616e-01 -1.601342380382929365e-01
-3.660236255814475204e-01 -3.600565776596070799e-02
-3.660236255815637607e-01 3.600565776602766138e-02
4.523134787522181677e-02 -6.808008580834749024e-01
4.523134787513505284e-02 6.808008580835133161e-01
-5.356774998771397511e-01 -2.314284776647015929e-01
-5.356774998771957064e-01 2.314284776646518826e-01
5.292111505229175616e-01 4.262306260976091998e-01
5.292111505228085377e-01 -4.262306260975237682e-01
-3.720246339480138414e-02 3.961486543460461807e-01
-3.720246339484410691e-02 -3.961486543461108512e-01
-4.224271471247245668e-01 3.936553284155390742e-01
-4.224271471246954790e-01 -3.936553284154814536e-01
-9.199934798906539424e-02 4.436754750898565525e-01
-9.199934798897800581e-02 -4.436754750899080668e-01
2.778931336875043456e-01 -5.979718683656699563e-01
2.778931336878307512e-01 5.979718683658965528e-01
9.549272863319463456e-02 3.373255832458081915e-01
9.549272863321962845e-02 -3.373255832457381365e-01
8.250887922231222582e-01 1.574580021863857815e-01
8.250887922231330274e-01 -1.574580021863839774e-01
6.551781940181909958e-01 3.383125720627898070e-01
6.551781940182018760e-01 -3.383125720627492838e-01
2.648442806039730812e-01 9.072570108493783758e-01
2.648442806038771580e-01 -9.072570108493619445e-01
-4.939493541052192294e-01 -1.997945083230432683e-01
-4.939493541052464298e-01 1.997945083230353580e-01
-7.266927486457885887e-01 -5.251614537415874029e-01
-7.266927486457406271e-01 5.251614537415664197e-01
-7.822980418920364443e-01 3.116971483343680682e-01
-7.822980418920326695e-01 -3.116971483342172444e-01
-4.230659316278984061e-01 -6.685384273396317578e-01
-4.230659316278165272e-01 6.685384273396872690e-01
-5.236631835592470141e-01 -3.969978884010021969e-01
-5.236631835593477113e-01 3.969978884008063535e-01
3.864903504695841874e-01 1.131241664108399020e-01
3.864903504696345360e-01 -1.131241664108245670e-01
5.897449007720882985e-01 -6.631757195874699029e-01
5.897449007721400349e-01 6.631757195875559452e-01
1.905727192905142253e-01 -6.985337449665446341e-01
1.905727192905674050e-01 6.985337449666321197e-01
1.586084542781283080e-01 -3.213607182583267941e-01
1.586084542781891205e-01 3.213607182583427813e-01
-6.587573153778752966e-01 -1.564138863195384532e-01
-6.587573153779432422e-01 1.564138863195222162e-01
-1.164056383108563464e-01 -4.135721406653024984e-02
-1.164056383108093007e-01 4.135721406657584531e-02
-6.640749243882557717e-01 1.933746776395753875e-01
-6.640749243882678732e-01 -1.933746776395635081e-01
-3.667944550202908438e-01 -8.773284534045333594e-01
-3.667944550203077747e-01 8.773284534043509497e-01
-3.615308863398555839e-01 -3.818681987670887734e-01
-3.615308863396629602e-01 3.818681987670257127e-01
3.040646538279849764e-01 1.494208197135798999e-01
3.040646538279828670e-01 -1.494208197135899752e-01
6.145892712657032853e-01 -1.601342380383817265e-01
6.145892712657061718e-01 1.601342380382929365e-01
1.054957834400759159e-01 3.313688241816448166e-02
1.054957834400410133e-01 -3.313688241820370028e-02
-6.144334256336975164e-01 6.615495847296857246e-01
-6.144334256336650979e-01 -6.615495847295680409e-01
-6.906895788319656893e-01 -7.109628139252587298e-01
-6.906895788320748242e-01 7.109628139251620293e-01
-5.989524206943893647e-01 -1.088424684896865807e-01
-5.989524206944168983e-01 1.088424684898003647e-01
-3.735947737327314777e-01 -2.949177077646287226e-01
-3.735947737327194873e-01 2.949177077646450429e-01
-4.842373402358469692e-01 4.153460313439579776e-01
-4.842373402359069212e-01 -4.153460313439644724e-01
7.315435247128955210e-01 -1.928202799604263745e-02
7.315435247128314611e-01 1.928202799607516005e-02
-2.794343394934327152e-01 -5.529912373565584183e-01
-2.794343394934730163e-01 5.529912373565014638e-01
-5.138283328716726217e-01 8.381491555629282386e-01
-5.138283328715772535e-01 -8.381491555628823864e-01
-3.670243787701568117e-01 4.368585431675718850e-04
-3.670243787701663596e-01 -4.368585431748696498e-04
3.284490685563484780e-01 9.081563873016945676e-01
3.284490685562934664e-01 -9.081563873016651467e-01
5.932469666709953016e-01 7.543848264185207819e-01
5.932469666709654366e-01 -7.543848264184552788e-01
-1.939083419380723261e-01 2.883075074880590560e-01
-1.939083419380996653e-01 -2.883075074880364075e-01
5.538507501992497861e-01 -6.229173229796698408e-01
5.538507501993515936e-01 6.229173229795801348e-01
3.190948608632610539e-01 -1.909732798734990189e-01
3.190948608633596417e-01 1.909732798734758152e-01
2.085661304793537674e-01 -1.911171220168614848e-01
2.085661304793630100e-01 1.911171220168397522e-01
1.769552835069563568e-01 4.217314124233434436e-01
1.769552835070523078e-01 -4.217314124233472183e-01
5.352904122003676601e-01 6.401439825431439745e-01
5.352904122005006649e-01 -6.401439825431101127e-01
-4.894951684620563181e-02 8.995281457924617641e-01
-4.894951684627116273e-02 -8.995281457924273472e-01
6.139373683082600675e-01 -3.755147244525355310e-01
6.139373683083220179e-01 3.755147244525497974e-01
-2.401022412212401869e-01 4.127863846094051437e-01
-2.401022412212310275e-01 -4.127863846094338984e-01
6.766859937324660734e-01 -6.646124140469129582e-01
6.766859937325668817e-01 6.646124140468416819e-01
1.954821046221749126e-01 9.556716422975387593e-01
1.954821046221270342e-01 -9.556716422975666259e-01
8.753327875203622543e-01 1.670623884530069436e-01
8.753327875203869013e-01 -1.670623884529865710e-01
5.785717712619891095e-01 6.991674697243569492e-01
5.785717712620399578e-01 -6.991674697243414061e-01
3.407985794082595832e-01 -4.488837249037084809e-01
3.407985794083180919e-01 4.488837249037074817e-01
-1.319647556691693965e-02 -1.122439691477575829e-01
-1.319647556685714374e-02 1.122439691477604695e-01
8.335801276128652626e-01 -3.461082627929074618e-01
8.335801276128451676e-01 3.461082627929036315e-01
-4.454367497693614841e-01 -2.947499705730339814e-01
-4.454367497693780265e-01 2.947499705729992869e-01
-1.225200486410477074e-01 8.467918137285230795e-01
-1.225200486410581574e-01 -8.467918137284879965e-01
-1.530843005173035953e-01 -9.866262963698729793e-01
-1.530843005173065929e-01 9.866262963698161359e-01
-4.280125817933959076e-01 -4.109485406468210145e-01
-4.280125817934555266e-01 4.109485406467757729e-01
1.694770017776356386e-01 -5.113624860222124591e-01
1.694770017775801274e-01 5.113624860222182322e-01
4.686584425258470410e-01 1.689119548733934717e-01
4.686584425259304187e-01 -1.689119548733724330e-01
5.908825933724654034e-01 5.246708119958930494e-01
5.908825933724340951e-01 -5.246708119958880534e-01
-7.213843358552146645e-01 -4.769732756921820638e-01
-7.213843358552681773e-01 4.769732756921837291e-01
-5.859595892592468491e-01 -6.477164528174468305e-01
-5.859595892592761590e-01 6.477164528174772506e-01
-4.379418839889738513e-02 -2.527288263514230193e-01
-4.379418839891713322e-02 2.527288263514220756e-01
-7.653654716056430551e-01 -2.843707865608146590e-01
-7.653654716056120799e-01 2.843707865608122720e-01
1.528662966039376070e-01 -3.521068391401371844e-01
1.528662966039248394e-01 3.521068391401273034e-01
-9.104853092158292638e-01 8.809699403709625454e-02
-9.104853092158002870e-01 -8.809699403706078291e-02
1.664198723871346819e-01 3.461082627929074618e-01
1.664198723871547214e-01 -3.461082627929036315e-01
-2.324120078486769173e-02 -4.248568586153435578e-01
-2.324120078488832106e-02 4.248568586153576576e-01
2.485974619958912502e-01 -2.414900609482598937e-01
2.485974619959254728e-01 2.414900609482649452e-01
-5.877822868667765821e-01 4.705628228284413073e-01
-5.877822868667714751e-01 -4.705628228285053116e-01
9.048781448059441124e-02 7.302632701722423514e-01
9.048781448056968102e-02 -7.302632701722837627e-01
-9.021185997913842014e-01 3.547077778816699611e-01
-9.021185997913524490e-01 -3.547077778815230231e-01
-4.865746187886487162e-01 5.857448997162850897e-03
-4.865746187886085261e-01 -5.857448997155227655e-03
1.061425249522652409e-01 -4.307065911195934182e-01
1.061425249522387065e-01 4.307065911196057972e-01
4.630291770892606684e-01 8.202488657442605913e-01
4.630291770892204783e-01 -8.202488657442840170e-01
-7.766862620758461233e-01 5.209783730794655954e-01
-7.766862620757890578e-01 -5.209783730794993462e-01
-7.092901446514626729e-01 -5.433784271484332073e-01
-7.092901446517211328e-01 5.433784271485332384e-01
2.646142998508262401e-01 4.338439223756607177e-01
2.646142998508490551e-01 -4.338439223757021290e-01
2.602874312870795404e-01 -5.220360842926351497e-01
2.602874312869978835e-01 5.220360842926129452e-01
-2.062522466160103540e-01 3.876722712808868820e-01
-2.062522466160502943e-01 -3.876722712809255178e-01
-8.619903905566379532e-01 -4.330079402878898587e-01
-8.619903905567922742e-01 4.330079402879465911e-01
2.860261359672447989e-01 7.363009639356272729e-01
2.860261359672123804e-01 -7.363009639355925229e-01
-8.435381570573894372e-01 -2.299602570634335097e-01
-8.435381570574590482e-01 2.299602570635209398e-01
-5.074092853530522973e-01 2.696849441764647692e-01
-5.074092853530365321e-01 -2.696849441764382349e-01
4.967003004268657484e-01 -8.510079633812826783e-02
4.967003004268461530e-01 8.510079633812560329e-02
-2.672325811918323073e-03 -6.501484055007780150e-01
-2.672325811870789481e-03 6.501484055008200924e-01
5.412889543238096346e-01 -2.462208983507521154e-01
5.412889543237476841e-01 2.462208983507701288e-01
-4.011802973326564214e-01 -3.657180361970664983e-01
-4.011802973326421551e-01 3.657180361970356897e-01
9.205978508354786816e-02 4.374923808587857788e-01
9.205978508357445800e-02 -4.374923808587724561e-01
-4.995037619348631219e-01 8.153927072142186372e-01
-4.995037619349071423e-01 -8.153927072142687082e-01
-7.601107228181537279e-01 5.115244664890882254e-01
-7.601107228181475106e-01 -5.115244664890485904e-01
-4.294692142566680082e-01 6.151224039503880858e-01
-4.294692142567063664e-01 -6.151224039504029628e-01
-8.741992264807442112e-03 -5.951116298568592811e-01
-8.741992264772737234e-03 5.951116298569142371e-01
3.212516727689715967e-01 6.999738684929321941e-01
3.212516727690054585e-01 -6.999738684929619481e-01
1.240177860999790438e-01 5.409928349279639059e-01
1.240177861000364007e-01 -5.409928349279832238e-01
-4.464731534715062344e-01 6.298033315886693018e-01
-4.464731534713668459e-01 -6.298033315886452099e-01
-5.656480100229533958e-01 -5.205654972714380824e-01
-5.656480100230095731e-01 5.205654972713963380e-01
5.647440501405940338e-01 6.741649827194416966e-01
5.647440501406401081e-01 -6.741649827193673117e-01
-2.547268977852990557e-01 5.095901589566494971e-01
-2.547268977852880645e-01 -5.095901589565403622e-01
-8.040271077577271219e-01 -4.937436843533174469e-01
-8.040271077577515468e-01 4.937436843532440056e-01
-5.617681583785615329e-01 7.230150920817763893e-01
-5.617681583785892885e-01 -7.230150920817804971e-01
8.968847018439430885e-01 -3.197265796870237820e-01
8.968847018439323193e-01 3.197265796869845911e-01
-6.944306540659310745e-01 -1.537119212054711415e-01
-6.944306540659476168e-01 1.537119212054964268e-01
5.369708229107795772e-01 8.202488657442840170e-01
5.369708229107392761e-01 -8.202488657442605913e-01
-3.890637459658686237e-01 -5.848330997144743915e-01
-3.890637459658023989e-01 5.848330997145044785e-01
-6.641474365245371159e-01 6.247320968154039811e-01
-6.641474365245449984e-01 -6.247320968155222198e-01
-9.316615624456646705e-01 -3.266164024323657822e-01
-9.316615624457320610e-01 3.266164024323999771e-01
-7.353540989252310700e-01 -3.810955068827205361e-01
-7.353540989253433136e-01 3.810955068828494330e-01
7.404238324580861841e-01 -4.368272478448775864e-01
7.404238324580345587e-01 4.368272478449287677e-01
-5.307146294049357449e-01 6.962897139506880606e-01
-5.307146294048594726e-01 -6.962897139505229704e-01
-3.783712971705062156e-01 4.614373415605748097e-01
-3.783712971704942252e-01 -4.614373415605944606e-01
6.787483272309945415e-01 6.999738684929619481e-01
6.787483272310282922e-01 -6.999738684929321941e-01
-3.440104588242194339e-01 5.080592150699116960e-01
-3.440104588242441364e-01 -5.080592150698148846e-01
-8.002731584570300649e-01 1.698310875186351820e-01
-8.002731584570075274e-01 -1.698310875186869739e-01
-1.997994300511463650e-01 -5.787256114825294340e-01
-1.997994300511830301e-01 5.787256114825212183e-01
-7.694692485478177302e-01 1.323551455018544543e-01
-7.694692485478420441e-01 -1.323551455017381029e-01
-5.147330069172090239e-01 2.155229622724114946e-01
-5.147330069172163514e-01 -2.155229622723517646e-01
-1.233039067224718788e-01 6.982787158854238951e-01
-1.233039067224940555e-01 -6.982787158853936971e-01
-4.755438096684339588e-01 3.570683622381269906e-01
-4.755438096684568849e-01 -3.570683622380741440e-01
2.729479805579347884e-01 8.637298742768259041e-01
2.729479805579433371e-01 -8.637298742769133897e-01
-4.540762728626546729e-01 -6.479109568943568487e-01
-4.540762728625289957e-01 6.479109568943598463e-01
-2.351458122786350968e-01 8.113428975378609298e-01
-2.351458122786368454e-01 -8.113428975378514929e-01
8.652839552894255881e-01 -2.790962271340843293e-01
8.652839552893508701e-01 2.790962271339801903e-01
-2.391647587966020949e-01 -2.261718088229027757e-01
-2.391647587966115596e-01 2.261718088228861223e-01
-6.709786342974849438e-01 6.924384091742492586e-01
-6.709786342975941897e-01 -6.924384091744110181e-01
1.961080831290271942e-01 -3.827663884442547015e-01
1.961080831290841209e-01 3.827663884442355502e-01
1.639502942013667253e-01 4.573300752488339560e-01
1.639502942013394970e-01 -4.573300752488698717e-01
3.060983502194595807e-01 -9.065788180261709073e-01
3.060983502196220063e-01 9.065788180261645790e-01
5.497389352755140957e-01 1.207263914159072277e-01
5.497389352755635006e-01 -1.207263914158850787e-01
-5.797001318119631152e-01 -5.682725317790202624e-01
-5.797001318119320290e-01 5.682725317789870667e-01
-4.551996740844277411e-01 5.036249051121893805e-01
-4.551996740844125311e-01 -5.036249051122014819e-01
2.190218403417568405e-01 1.425437915072919615e-01
2.190218403417587278e-01 -1.425437915072800543e-01
-2.391464771318410967e-02 7.880818753329080772e-01
-2.391464771321096319e-02 -7.880818753329920101e-01
-2.083972327923213352e-01 -6.471058596309149369e-01
-2.083972327923081513e-01 6.471058596309949840e-01
7.736131816873630107e-02 -8.367647708164086540e-01
7.736131816873727252e-02 8.367647708164529519e-01
4.892535991024813402e-01 -2.116486818382555812e-01
4.892535991025399600e-01 2.116486818382668778e-01
-1.403686751131372756e-01 -9.336307056119916847e-01
-1.403686751131779931e-01 9.336307056120681791e-01
6.211845256837726925e-01 7.621044063256811052e-01
6.211845256838631757e-01 -7.621044063256382506e-01
5.813088522601140840e-01 3.957118084247261414e-01
5.813088522601017605e-01 -3.957118084246790124e-01
8.360497057986334690e-01 -4.573300752488339560e-01
8.360497057986604474e-01 4.573300752488699272e-01
2.590898372879759173e-02 8.972765939425768611e-01
2.590898372875299199e-02 -8.972765939425619841e-01
-1.849836239228777879e-01 -7.990690961259214742e-01
-1.849836239228349333e-01 7.990690961259482306e-01
1.347160447105746062e-01 2.790962271340843848e-01
1.347160447106490189e-01 -2.790962271339801903e-01
-4.678491664323065208e-02 3.376391288316301087e-01
-4.678491664308396386e-02 -3.376391288316797912e-01
-9.492414556738087983e-01 1.860400373173482225e-01
-9.492414556741308740e-01 -1.860400373173256849e-01
-3.539092426781518252e-01 -6.499233378135070849e-01
-3.539092426781568212e-01 6.499233378135100825e-01
-6.897067242379789631e-01 -6.944759017482912133e-01
-6.897067242379923968e-01 6.944759017482848851e-01
-2.831909583361954530e-01 -5.141757675780511683e-01
-2.831909583361513216e-01 5.141757675780695980e-01
-3.554630524452643270e-01 3.449180869299848240e-01
-3.554630524452837559e-01 -3.449180869298159036e-01
7.589041063480422844e-01 1.892960380789276585e-03
7.589041063480443938e-01 -1.892960380780670838e-03
-5.816175158447525056e-02 9.061324131750823074e-01
-5.816175158444086835e-02 -9.061324131750113642e-01
6.606780153547862910e-02 -8.836630881928562165e-01
6.606780153558627910e-02 8.836630881928660974e-01
-6.675532507164561036e-01 -2.411304614912782862e-01
-6.675532507165988783e-01 2.411304614913225841e-01
6.491107939936232585e-01 4.786997155143108418e-01
6.491107939935929494e-01 -4.786997155142727056e-01
-3.572999924929505244e-01 -7.273303364668300963e-01
-3.572999924925891468e-01 7.273303364666883208e-01
-4.734541027209090425e-01 8.506981533676117868e-01
-4.734541027210302233e-01 -8.506981533675808116e-01
5.083890445767332844e-01 4.852180654658405645e-02
5.083890445766517940e-01 -4.852180654656237935e-02
7.037915751000001219e-01 6.404650087774166334e-01
7.037915751000307640e-01 -6.404650087773376965e-01
2.485539866293360461e-02 5.117081054752797842e-01
2.485539866281661139e-02 -5.117081054752340430e-01
5.914023589651832280e-01 -7.270344696074296786e-01
5.914023589652291912e-01 7.270344696073745006e-01
2.848712380942259453e-02 -7.405431648407565515e-01
2.848712380917645809e-02 7.405431648407986289e-01
7.745831943542307030e-02 9.894884153118662651e-01
7.745831943542395848e-02 -9.894884153118858050e-01
3.910959187761194333e-01 -5.890182838742883398e-01
3.910959187761585132e-01 5.890182838742311633e-01
2.227746236109278966e-01 -7.072912991893172130e-01
2.227746236110114963e-01 7.072912991893590684e-01
3.997220565780640333e-01 -2.881542073181300179e-01
3.997220565780616464e-01 2.881542073181309060e-01
9.090456600319950509e-01 -2.293812100904849827e-01
9.090456600319485325e-01 2.293812100903802886e-01
-3.988419566786269854e-01 -8.840099916254506862e-01
-3.988419566781698511e-01 8.840099916259142043e-01
1.656571710527476315e-01 -9.403009123746848275e-01
1.656571710527887376e-01 9.403009123745637021e-01
-5.888434755346193955e-02 -6.346052005188458356e-01
-5.888434755338557008e-02 6.346052005189680711e-01
-7.322798350137220413e-02 9.914568206694081010e-01
-7.322798350123552180e-02 -9.914568206693773478e-01
4.716783365233659930e-01 4.500845116598563012e-01
4.716783365234181735e-01 -4.500845116597861351e-01
-1.133389694890438171e-02 7.243175392579558336e-01
-1.133389694886513185e-02 -7.243175392579138672e-01
6.918120486540130232e-01 -5.421996737843248759e-01
6.918120486540508818e-01 5.421996737843111092e-01
1.877746882928740535e-01 9.696692486331969230e-01
1.877746882928852945e-01 -9.696692486331589533e-01
7.083300383702048064e-01 -5.192205982672489784e-01
7.083300383701170988e-01 5.192205982671111997e-01
4.860314011715737847e-01 5.572496577680151608e-01
4.860314011715767268e-01 -5.572496577680008389e-01
-2.076293655368859625e-01 -2.541823745545520041e-01
-2.076293655368946223e-01 2.541823745545501723e-01
2.858991856307180942e-03 -7.574393106504467843e-01
2.858991856291408836e-03 7.574393106504460071e-01
4.204753846709680665e-01 5.546447131362722271e-02
4.204753846709467502e-01 -5.546447131362420430e-02
2.013763403051362089e-01 4.348382509473797120e-01
2.013763403051104517e-01 -4.348382509473638913e-01
4.999208457144871387e-01 -7.868201783810386818e-01
4.999208457144626028e-01 7.868201783810192529e-01
3.417697374762496826e-02 -5.258757242688648637e-01
3.417697374762573154e-02 5.258757242688282263e-01
-2.717853839472498811e-01 8.720668216381641802e-01
-2.717853839472605393e-01 -8.720668216381687321e-01
3.285214633545188723e-01 -4.694598310509177225e-02
3.285214633545135432e-01 4.694598310511512163e-02
-7.098899932713745864e-01 1.636481729553528330e-01
-7.098899932714346495e-01 -1.636481729553735665e-01
4.693967531275591853e-01 -6.239402966439041576e-01
4.693967531275611837e-01 6.239402966439062670e-01
-4.820068048615392398e-01 1.036135373294795325e-01
-4.820068048615205325e-01 -1.036135373295289791e-01
1.712670638342217999e-01 -9.327362783259371959e-01
1.712670638342005114e-01 9.327362783259257606e-01
5.236595277906368473e-01 9.861527009865606042e-02
5.236595277906470614e-01 -9.861527009866702387e-02
1.817779650865216506e-02 9.462377484491194535e-01
1.817779650864733212e-02 -9.462377484490808177e-01
1.441298424407192469e-01 5.133507265699236433e-01
1.441298424407257417e-01 -5.133507265699424060e-01
-7.768161893496227099e-01 5.988601054706133020e-01
-7.768161893496398074e-01 -5.988601054706211846e-01
1.172116120918612753e-01 7.090662652677411915e-01
1.172116120918703375e-01 -7.090662652677569566e-01
-3.311704532443968119e-01 6.930154572806569435e-01
-3.311704532444284532e-01 -6.930154572805640179e-01
-5.390627596890765760e-01 3.882282754091930799e-01
-5.390627596891178763e-01 -3.882282754091754828e-01
1.632623424389274477e-02 9.485593197858317449e-01
1.632623424388325584e-02 -9.485593197858325221e-01
-7.322305221469851411e-01 4.483151489421324243e-01
-7.322305221470337688e-01 -4.483151489421635660e-01
-4.667249586763170810e-01 -1.208590905143680644e-01
-4.667249586763033697e-01 1.208590905143853977e-01
-1.278444783989793887e-01 9.401751921453037619e-01
-1.278444783989580724e-01 -9.401751921453980199e-01
1.205199875277580407e-01 -6.863887220201333461e-01
1.205199875277404853e-01 6.863887220201684292e-01
4.399697230563868501e-03 9.331166516240797515e-01
4.399697230428019704e-03 -9.331166516240575470e-01
-8.861235191230708297e-02 -7.164988067354359780e-01
-8.861235191236355169e-02 7.164988067354135515e-01
-7.933698730126992338e-01 -2.796873915768872676e-01
-7.933698730127786147e-01 2.796873915769830798e-01
3.114460163026964712e-01 -5.530548524911912400e-01
3.114460163027068518e-01 5.530548524912007879e-01
-8.442334585641728673e-01 -3.473050159301485640e-01
-8.442334585642202738e-01 3.473050159301256934e-01
-8.306493943824058701e-02 5.846506470070021999e-01
-8.306493943824194703e-02 -5.846506470070840233e-01
-6.253388708580429611e-01 6.206134012834171876e-02
-6.253388708579934452e-01 -6.206134012836107827e-02
-2.146448157399843404e-01 6.458823945397933475e-01
-2.146448157399809265e-01 -6.458823945397798028e-01
-6.611778701881331211e-01 -6.472922787671611111e-01
-6.611778701880791642e-01 6.472922787671658851e-01
3.590544184447863052e-01 -4.218551659458077974e-01
3.590544184447853615e-01 4.218551659458436021e-01
-3.542475949297760329e-01 8.244874942093441961e-01
-3.542475949297718141e-01 -8.244874942093453063e-01
6.409455815552137503e-01 4.218551659458077974e-01
6.409455815552146385e-01 -4.218551659458436021e-01
-7.999176622411644511e-01 4.830989868561006984e-01
-7.999176622411671156e-01 -4.830989868560975897e-01
2.555559069610003897e-01 9.588173728826417941e-01
2.555559069610968126e-01 -9.588173728826254738e-01
-9.244752514812178967e-01 2.124030949860500617e-01
-9.244752514811124255e-01 -2.124030949859116446e-01
1.077293540795953714e-01 -9.543843680677053243e-01
1.077293540795879051e-01 9.543843680677024377e-01
2.256501238070756921e-01 -8.849639331925787111e-01
2.256501238070638682e-01 8.849639331925887031e-01
-1.092050938894969514e-01 5.627683863082714177e-01
-1.092050938894617712e-01 -5.627683863083069449e-01
-4.068651880750104310e-01 -4.759905285189395818e-01
-4.068651880750616123e-01 4.759905285190049185e-01
-6.537865010308155922e-01 -2.340827882683393646e-01
-6.537865010306938007e-01 2.340827882681812966e-01
-2.497495068437852461e-01 8.453845215449204975e-01
-2.497495068437402266e-01 -8.453845215448934081e-01
-1.611100375409270091e-01 -6.810245172968034666e-01
-1.611100375409678376e-01 6.810245172967726024e-01
-8.461155865055112191e-01 3.762629040945195680e-01
-8.461155865054491576e-01 -3.762629040945584258e-01
3.098042279840474422e-01 -6.124359284201655873e-01
3.098042279839927082e-01 6.124359284201780218e-01
-8.797782382200308726e-01 -2.167301589197958844e-01
-8.797782382198717777e-01 2.167301589196821976e-01
-8.730497675255534107e-01 -1.887122773785228913e-01
-8.730497675254869083e-01 1.887122773784886409e-01
6.901957720159525023e-01 6.124359284201655873e-01
6.901957720160072363e-01 -6.124359284201780218e-01
-9.021470625085898920e-01 1.236733224935368525e-01
-9.021470625085941109e-01 -1.236733224935385178e-01
4.891075304597090612e-01 -6.576654807821152859e-01
4.891075304597107265e-01 6.576654807821012971e-01
-6.606292117243863782e-01 -4.267969447032910479e-01
-6.606292117245464723e-01 4.267969447033310160e-01
-8.145368125991784281e-01 4.519843315396225858e-01
-8.145368125991054864e-01 -4.519843315395169481e-01
9.263759661623001129e-01 -3.634268164413494984e-01
9.263759661623264252e-01 3.634268164414390379e-01
-7.039882628455899072e-01 -2.140978455587460860e-01
-7.039882628456932689e-01 2.140978455587395635e-01
-3.890398509698380081e-01 -8.978666672594134424e-01
-3.890398509698355101e-01 8.978666672593921261e-01
-5.444381940906872774e-01 -4.803249052397695618e-01
-5.444381940908060713e-01 4.803249052397803864e-01
-8.250365764804108437e-01 -4.943328968528380440e-01
-8.250365764803860857e-01 4.943328968528494793e-01
1.535561775320800071e-01 -9.495767744850585057e-01
1.535561775320705147e-01 9.495767744850409642e-01
-4.491875579343656000e-01 -2.267763207930526825e-01
-4.491875579343042046e-01 2.267763207928806535e-01
-8.809239267324151523e-01 2.315201946867259664e-01
-8.809239267323858424e-01 -2.315201946866932980e-01
1.893858506565770095e-01 7.192875547377122203e-01
1.893858506565992694e-01 -7.192875547376502698e-01
7.362403383767350540e-02 -3.634268164414390379e-01
7.362403383769990095e-02 3.634268164413494984e-01
-2.706480724897792345e-01 -5.164966361005943751e-01
-2.706480724898175927e-01 5.164966361007096163e-01
-7.777783175462801291e-01 4.765433023866584294e-01
-7.777783175462528176e-01 -4.765433023866516571e-01
3.171580601813473455e-01 -6.951386719288875637e-01
3.171580601813495659e-01 6.951386719289549543e-01
6.450433714761966142e-02 -3.670045672207840615e-01
6.450433714770069382e-02 3.670045672208322451e-01
4.174814251946323829e-02 7.721786388882148078e-01
4.174814251952806143e-02 -7.721786388882467822e-01
-4.474510081314034826e-01 -1.157852418272406064e-01
-4.474510081315697940e-01 1.157852418271956563e-01
-8.919842228496099867e-01 3.937551444549466928e-01
-8.919842228496026593e-01 -3.937551444549609592e-01
5.448700027024653281e-01 7.767519153672611809e-01
5.448700027024743209e-01 -7.767519153673272392e-01
2.772537801094107288e-02 -9.203737411713344141e-01
2.772537801081719627e-02 9.203737411712344940e-01
-7.273190400463199756e-01 5.540969601011030976e-01
-7.273190400463660499e-01 -5.540969601011282997e-01
-4.736465059601518979e-01 8.195691059605860751e-01
-4.736465059603380823e-01 -8.195691059606751150e-01
8.335978405384648626e-01 -8.492382143271794137e-02
8.335978405384698586e-01 8.492382143273231876e-02
3.174809476892383464e-01 -8.263392006404066681e-01
3.174809476893226678e-01 8.263392006404600698e-01
-5.454152886178328385e-01 7.880190849499095762e-01
-5.454152886176902859e-01 -7.880190849498891481e-01
-1.305774234875016759e-01 -8.871142769967967912e-01
-1.305774234873791351e-01 8.871142769967034214e-01
4.519348501730844347e-01 6.995355942979207819e-01
4.519348501731344503e-01 -6.995355942978679353e-01
-3.639994620439986894e-01 5.120653685755914841e-01
-3.639994620439657158e-01 -5.120653685755900408e-01
-6.763653969733164351e-01 -3.115699581540760099e-01
-6.763653969732155158e-01 3.115699581542429319e-01
2.867810231852057235e-03 8.268228460202966534e-01
2.867810231864907633e-03 -8.268228460202728947e-01
6.116135753271569886e-01 -6.894761323702520706e-01
6.116135753270114384e-01 6.894761323701162903e-01
-7.824457752639515373e-01 -3.295430159793906744e-01
-7.824457752640482378e-01 3.295430159793913405e-01
-8.407971238012882376e-01 -5.155714188675971643e-01
-8.407971238013854931e-01 5.155714188675749599e-01
3.498581649528026971e-01 -4.073856750386616876e-01
3.498581649526937287e-01 4.073856750385244085e-01
3.060054661241138341e-01 8.857959292753821989e-01
3.060054661241634055e-01 -8.857959292753047054e-01
-2.444736347503588259e-01 7.044751201842537336e-01
-2.444736347504115892e-01 -7.044751201841695787e-01
-8.901157514454217656e-01 -1.595763387738439454e-01
-8.901157514453630348e-01 1.595763387738035333e-01
-4.507146939830041638e-02 -9.592471656640609856e-01
-4.507146939830768140e-02 9.592471656640499944e-01
-1.095982505736644574e-01 2.538917712113423764e-01
-1.095982505737073676e-01 -2.538917712113362701e-01
-7.506293638278910274e-01 7.782233676684091606e-02
-7.506293638278188629e-01 -7.782233676690537838e-02
-6.952310612656972255e-01 1.707932368512443122e-01
-6.952310612658405553e-01 -1.707932368511724253e-01
-6.524419100064063892e-01 4.593967317418180540e-01
-6.524419100064282606e-01 -4.593967317417440022e-01
-9.935983705890882867e-01 -3.652282471397048924e-02
-9.935983705890726325e-01 3.652282471380445539e-02
3.944943061196247158e-01 -6.565367576850570375e-01
3.944943061196274914e-01 6.565367576851224296e-01
3.519696678671605516e-01 -7.375331575788778293e-01
3.519696678669337886e-01 7.375331575790050609e-01
-7.917254763224949032e-01 -2.152717800711676649e-02
-7.917254763225013425e-01 2.152717800712763627e-02
3.116779434079204950e-02 2.794287185748080549e-01
3.116779434075100594e-02 -2.794287185749118052e-01
-4.846911963274965207e-01 -2.221645818030677788e-01
-4.846911963274395108e-01 2.221645818031542652e-01
5.193341691243112956e-01 4.766849391188600626e-01
5.193341691243060776e-01 -4.766849391188641705e-01
-4.532508421044552094e-01 -3.625795587370941875e-01
-4.532508421044421087e-01 3.625795587371082318e-01
-9.858877626466219790e-02 -7.739697374622712678e-01
-9.858877626449961962e-02 7.739697374622872550e-01
-1.044671756505076987e-01 -6.920706862027042883e-01
-1.044671756503784965e-01 6.920706862029725182e-01
-5.979139888166364880e-01 7.555152674479509445e-01
-5.979139888167206429e-01 -7.555152674480734021e-01
-6.269477730816290784e-01 3.944342275698657363e-01
-6.269477730814849714e-01 -3.944342275696987588e-01
4.709676446856392307e-02 -2.748345156932149869e-01
4.709676446865243560e-02 2.748345156932798794e-01
3.706784815887399498e-01 -8.587018109128020660e-01
3.706784815887826934e-01 8.587018109128258248e-01
3.276985570845067364e-01 -7.651564771763931239e-01
3.276985570844061502e-01 7.651564771766434792e-01
2.799874584136757827e-01 8.116750223627547944e-01
2.799874584138138944e-01 -8.116750223625653904e-01
-7.112228617451611667e-02 6.541577401481957210e-01
-7.112228617449752044e-02 -6.541577401482090437e-01
6.501418350471972474e-01 4.073856750386616876e-01
6.501418350473062713e-01 -4.073856750385244085e-01
-5.205177276684076482e-01 -7.555323730601785082e-01
-5.205177276680921228e-01 7.555323730602967469e-01
-9.628886347183643335e-02 -9.572827898306057737e-01
-9.628886347163036208e-02 9.572827898305877881e-01
2.816351839772861521e-01 8.174155912705892701e-01
2.816351839772787136e-01 -8.174155912705157734e-01
6.480303321330662669e-01 -7.375331575790051719e-01
6.480303321328394484e-01 7.375331575788778293e-01
7.309166950805937590e-01 -4.088265134462975015e-01
7.309166950806479379e-01 4.088265134463346939e-01
6.675486303439450708e-01 -4.291467871556025049e-01
6.675486303439404079e-01 4.291467871555829650e-01
1.922529415042226464e-01 -4.165208674702846059e-01
1.922529415043278955e-01 4.165208674703435587e-01
-2.845318087505337434e-01 8.999617245575196600e-01
-2.845318087505702143e-01 -8.999617245575357583e-01
6.143210364252778000e-01 6.798746675766640379e-01
6.143210364252752465e-01 -6.798746675766734748e-01
6.215453935915302708e-01 -7.208087381025114482e-01
6.215453935914911909e-01 7.208087381024890217e-01
-5.479823851574640026e-01 -6.898282127862763735e-01
-5.479823851574703308e-01 6.898282127862965796e-01
8.398947630313812196e-01 1.638362580072684135e-02
8.398947630314577140e-01 -1.638362580070498037e-02
-8.067278350328519476e-01 3.566655350228226662e-01
-8.067278350328609404e-01 -3.566655350228332688e-01
4.764692445872832915e-01 6.471911436110129312e-01
4.764692445872792947e-01 -6.471911436110135973e-01
4.655309776631423313e-01 -1.905924841159275726e-02
4.655309776630957019e-01 1.905924841158375058e-02
-1.901724775984096616e-01 -2.321640920928085688e-02
-1.901724775985166593e-01 2.321640920931601626e-02
1.601052369685423693e-01 1.638362580070500119e-02
1.601052369686188082e-01 -1.638362580072684829e-02
7.809328927484288085e-02 4.771917655944335479e-02
7.809328927481108684e-02 -4.771917655941912417e-02
7.708410565199770303e-01 4.533149801143540047e-01
7.708410565199567133e-01 -4.533149801143251389e-01
-8.181002007725175773e-02 5.599599476958731087e-02
-8.181002007728593872e-02 -5.599599476961945183e-02
-8.686395779854224619e-01 -6.663597780245386626e-02
-8.686395779855830002e-01 6.663597780249692903e-02
-3.036153958430800603e-01 -1.424577794923255758e-01
-3.036153958430662936e-01 1.424577794923233554e-01
3.856789635747223666e-01 -6.798746675766640379e-01
3.856789635747248646e-01 6.798746675766735859e-01
3.784546064084697292e-01 7.208087381025115592e-01
3.784546064085088646e-01 -7.208087381024890217e-01
-1.605779813626118935e-01 2.780018880011507210e-01
-1.605779813626052599e-01 -2.780018880011367877e-01
2.683343536056286283e-01 8.097410126376876072e-01
2.683343536056402856e-01 -8.097410126376894945e-01
-6.752172429632596895e-01 -4.721069217273991536e-01
-6.752172429633167550e-01 4.721069217273645147e-01
-3.114371055997393056e-01 3.091568664935139821e-01
-3.114371055997789406e-01 -3.091568664934852828e-01
2.451554342118439089e-01 -4.740575822467311684e-01
2.451554342118743568e-01 4.740575822467450462e-01
-8.144906719344633395e-01 1.958283733978244123e-01
-8.144906719344509050e-01 -1.958283733978201102e-01
4.993744470246903877e-02 5.966584093736422290e-01
4.993744470246801875e-02 -5.966584093736841954e-01
5.344690223368576687e-01 1.905924841159275726e-02
5.344690223369044091e-01 -1.905924841158375058e-02
3.138796433834588617e-01 7.956965871494298126e-01
3.138796433834773469e-01 -7.956965871493836273e-01
-9.862733374872333092e-03 -3.910412557936381872e-01
-9.862733374839727229e-03 3.910412557936439604e-01
-4.335233633413183019e-01 3.506323298646663589e-01
-4.335233633413690946e-01 -3.506323298646187858e-01
-3.927204822301987308e-01 4.478629906981505537e-01
-3.927204822301993414e-01 -4.478629906981236308e-01
-2.682856236305025122e-01 -7.384912741730689234e-01
-2.682856236305374287e-01 7.384912741730815799e-01
-4.373651146441169257e-01 8.814083992973044124e-01
-4.373651146441435711e-01 -8.814083992972671089e-01
4.160485040365886067e-01 -5.754996301835771932e-01
4.160485040365604625e-01 5.754996301835637595e-01
9.219067107251890381e-01 4.771917655941912417e-02
9.219067107251571747e-01 -4.771917655944335479e-02
3.607564738855198461e-02 -5.668630971843668931e-01
3.607564738859583842e-02 5.668630971843624522e-01
7.548445657881257542e-01 -4.740575822467450462e-01
7.548445657881560633e-01 4.740575822467311129e-01
-3.614346019933095122e-01 5.033414075118248787e-01
-3.614346019932745957e-01 -5.033414075117648157e-01
-5.501955189210736563e-01 -6.880802658243447834e-01
-5.501955189210336883e-01 6.880802658244380421e-01
-4.949556386904789274e-01 -5.187703935827246982e-01
-4.949556386904618854e-01 5.187703935826581958e-01
-5.311038056238555072e-01 -5.010104143542135624e-01
-5.311038056238065463e-01 5.010104143542347677e-01
1.312820387646413678e-01 -8.561445066596239384e-01
1.312820387646608800e-01 8.561445066596659048e-01
6.582038326177891419e-01 -1.609932208001544074e-01
6.582038326177999110e-01 1.609932208001845222e-01
-6.196106078343499579e-01 -7.684296623941306859e-01
-6.196106078343147638e-01 7.684296623940251036e-01
5.478493272518052404e-01 -5.298356322223739534e-01
5.478493272517657164e-01 5.298356322224012649e-01
-3.065933141040216303e-01 -7.066097953291252676e-01
-3.065933141039770549e-01 7.066097953291206046e-01
-4.519505473874977364e-01 -1.968897628289690560e-01
-4.519505473875005674e-01 1.968897628290169344e-01
5.839514959634114488e-01 5.754996301835771932e-01
5.839514959634396485e-01 -5.754996301835637595e-01
-4.217962521473525572e-01 -2.415762165623862590e-01
-4.217962521473876958e-01 2.415762165624118496e-01
-7.105210004836662874e-01 6.832902829831219993e-01
-7.105210004836599591e-01 -6.832902829832822045e-01
-5.376444345431616867e-01 9.934856649386769600e-02
-5.376444345431623528e-01 -9.934856649387903416e-02
-4.929759817144112044e-01 7.915449204160873720e-01
-4.929759817143568035e-01 -7.915449204160769359e-01
-4.825125236018413255e-01 7.243508045985900257e-01
-4.825125236018226738e-01 -7.243508045986123411e-01
3.155027158996885628e-02 -5.702177854516379263e-01
3.155027158996907832e-02 5.702177854516240485e-01
-8.649065136454594516e-01 1.213157586135657079e-01
-8.649065136454768821e-01 -1.213157586134742255e-01
-8.221057384967166426e-01 8.446129303660931606e-03
-8.221057384967072057e-01 -8.446129303595643553e-03
5.683829002382135426e-02 9.121498485724004457e-01
5.683829002377657758e-02 -9.121498485723310568e-01
-7.821274722452672412e-01 -2.837186237840541025e-01
-7.821274722453125383e-01 2.837186237840187419e-01
-6.145829439229510971e-01 -6.762744389326509342e-01
-6.145829439228785995e-01 6.762744389325671124e-01
2.490172916087558808e-01 5.072786343930986153e-01
2.490172916087609045e-01 -5.072786343931215969e-01
-7.173604064770736644e-01 3.528126961883425450e-01
-7.173604064770807698e-01 -3.528126961883183976e-01
-6.214103002346612614e-01 -3.346138812467199797e-01
-6.214103002347330929e-01 3.346138812466855628e-01
4.521506727482341170e-01 -5.298356322224012649e-01
4.521506727481945931e-01 5.298356322223739534e-01
-6.007507027862665216e-01 5.716076316556781833e-01
-6.007507027862140081e-01 -5.716076316557527903e-01
-7.721002030066665967e-01 -6.553573302949290691e-02
-7.721002030067256605e-01 6.553573302952067636e-02
-5.399007021767577852e-01 -2.248166869952159252e-01
-5.399007021767382453e-01 2.248166869952050728e-01
-9.274815782260235897e-02 7.130586144249615455e-01
-9.274815782257206376e-02 -7.130586144250541381e-01
-6.625267924145490650e-02 -7.331103196220662976e-01
-6.625267924148782461e-02 7.331103196220160045e-01
1.088592725946817621e-02 -5.263608861058685084e-01
1.088592725944585726e-02 5.263608861059090316e-01
-3.991195014525910079e-01 8.012264316918172868e-01
-3.991195014525876217e-01 -8.012264316918478180e-01
4.309071872853982854e-01 6.812534034646480219e-01
4.309071872854274288e-01 -6.812534034646722247e-01
4.319075107580514633e-02 5.286648396395335903e-01
4.319075107581252931e-02 -5.286648396395408067e-01
-8.364664782273349974e-01 1.652505243951653546e-01
-8.364664782273747434e-01 -1.652505243951944147e-01
6.944260401676604078e-01 -4.629515655097513060e-01
6.944260401676589645e-01 4.629515655097561910e-01
-2.910820316709988517e-02 -3.354627710588456435e-01
-2.910820316714869682e-02 3.354627710588165557e-01
7.172331657428996365e-01 4.140789821688670158e-01
7.172331657428260288e-01 -4.140789821688948269e-01
-5.256488642304488756e-01 7.869165978338497069e-01
-5.256488642305201520e-01 -7.869165978339046630e-01
-6.578836791687038277e-01 -2.878551394277162889e-01
-6.578836791686719643e-01 2.878551394276948616e-01
-1.639898286330916943e-01 2.349884810741705576e-01
-1.639898286330593313e-01 -2.349884810741492969e-01
1.216207642132938194e-01 -2.863290094964626165e-01
1.216207642132747790e-01 2.863290094965071919e-01
-3.583330419822044477e-01 8.263705344710132739e-01
-3.583330419821386115e-01 -8.263705344709442180e-01
-7.971064894526541655e-01 -5.227389095673157238e-01
-7.971064894526730393e-01 5.227389095673612429e-01
-6.131820981930657943e-01 -4.474813214537007311e-01
-6.131820981931366266e-01 4.474813214537813333e-01
-2.316258075805360805e-01 1.298512454298179075e-01
-2.316258075805340266e-01 -1.298512454298239860e-01
4.199033241452690413e-01 -8.602122608173088953e-04
4.199033241452542198e-01 8.602122608185405490e-04
-8.120959543360996014e-01 3.797990498413642002e-01
-8.120959543360712907e-01 -3.797990498413399973e-01
-1.150322487569741814e-01 -7.538853634513249524e-01
-1.150322487568611884e-01 7.538853634512175939e-01
6.321537004202822940e-01 3.483367418245681968e-01
6.321537004202942844e-01 -3.483367418245299496e-01
-2.134474808806741952e-01 6.686480543959214540e-01
-2.134474808807239332e-01 -6.686480543958629452e-01
-6.818139786361796517e-01 -4.850235121455075404e-01
-6.818139786361617771e-01 4.850235121454433695e-01
1.744628641427074670e-03 4.251036222864917891e-01
1.744628641385350884e-03 -4.251036222865570147e-01
-7.238468046829401592e-01 -2.556253498567616529e-03
-7.238468046829840130e-01 2.556253498564057744e-03
-4.544217290181101071e-02 -4.258813909115062302e-01
-4.544217290175981555e-02 4.258813909115510277e-01
-5.588219917658844293e-01 -5.854546291450487550e-01
-5.588219917658500124e-01 5.854546291448601281e-01
5.690928127146016591e-01 -6.812534034646480219e-01
5.690928127145726823e-01 6.812534034646722247e-01
-7.430099751139591646e-01 -3.309508799012626512e-01
-7.430099751139139785e-01 3.309508799014725389e-01
2.191838534574865327e-01 -6.708271009297566145e-01
2.191838534574985786e-01 6.708271009297315235e-01
-6.161528268738533098e-01 -7.211186014632200436e-01
-6.161528268738566405e-01 7.211186014633326202e-01
2.631605356609908464e-01 6.330451590965647801e-01
2.631605356609658664e-01 -6.330451590965726627e-01
-2.148362073915195125e-01 -6.502345276937145924e-01
-2.148362073916449400e-01 6.502345276937865348e-01
-7.899785522580988761e-01 -1.674162572363287194e-01
-7.899785522580867747e-01 1.674162572363546431e-01
3.678462995797056601e-01 3.483367418245299496e-01
3.678462995797176505e-01 -3.483367418245681968e-01
-1.088727780688400898e-01 -6.401563602774098527e-01
-1.088727780687921420e-01 6.401563602773432393e-01
-7.540667961269941211e-01 1.741466668663454453e-01
-7.540667961269184039e-01 -1.741466668662487449e-01
9.875786780760721639e-02 3.520348066262068421e-01
9.875786780751287519e-02 -3.520348066261292375e-01
-7.077242977499917931e-01 -4.054237964117082260e-01
-7.077242977501237986e-01 4.054237964116535475e-01
-4.570497469367475196e-02 -6.037150431012926477e-01
-4.570497469365624593e-02 6.037150431011795160e-01
-4.390950837395863338e-01 8.402127725371338895e-01
-4.390950837395428685e-01 -8.402127725372076084e-01
-7.973511024891377641e-01 -2.276572917588836342e-01
-7.973511024890421739e-01 2.276572917588165768e-01
-4.986531091540422067e-01 -1.318242675818940834e-01
-4.986531091540683525e-01 1.318242675818868948e-01
-3.747908182869899019e-01 -7.439998061904387061e-01
-3.747908182868934790e-01 7.439998061904659066e-01
-2.858997921614409021e-01 -9.397293753146783724e-01
-2.858997921613373738e-01 9.397293753146729323e-01
2.348054190969524613e-01 7.880856652467405077e-01
2.348054190969586508e-01 -7.880856652467415069e-01
-2.620210397283274095e-01 6.921643280144437194e-01
-2.620210397282594639e-01 -6.921643280144682553e-01
-1.414542664876144162e-01 -6.355748445441637973e-01
-1.414542664876251299e-01 6.355748445441341543e-01
3.730509116824899662e-02 3.760389178056778858e-01
3.730509116823109428e-02 -3.760389178058071713e-01
3.236101914966729720e-01 3.904823407192914431e-01
3.236101914966232340e-01 -3.904823407192964946e-01
5.419081232750753152e-01 5.238006968460345858e-01
5.419081232751268296e-01 -5.238006968458455148e-01
6.398481845010538516e-01 3.424752896837564009e-01
6.398481845011221303e-01 -3.424752896837903182e-01
4.456683755659967550e-01 1.316015892876897520e-01
4.456683755660270085e-01 -1.316015892876546411e-01
2.627045838077428641e-01 6.441651222985853575e-01
2.627045838077976536e-01 -6.441651222986427561e-01
7.368394643390090426e-01 -6.330451590965647801e-01
7.368394643390342447e-01 6.330451590965726627e-01
1.113800952290731200e-01 5.978203531180823482e-01
1.113800952291236351e-01 -5.978203531181255359e-01
6.588329105499347582e-01 -4.919827034104528596e-01
6.588329105500185801e-01 4.919827034104604646e-01
9.075790217812386151e-01 2.820065055522370523e-01
9.075790217812540472e-01 -2.820065055522603670e-01
1.142012237971826716e-01 -4.337890434437592924e-01
1.142012237971398864e-01 4.337890434437495779e-01
2.914788573809115602e-01 4.988992286597643266e-01
2.914788573809086181e-01 -4.988992286597619397e-01
8.944543612188761428e-02 -4.459123266812564657e-01
8.944543612186847681e-02 4.459123266812973219e-01
3.536116012607390946e-01 -2.863931904134316836e-02
3.536116012607332659e-01 2.863931904134665862e-02
-2.169195064959294206e-01 -9.011794038615550395e-01
-2.169195064959395514e-01 9.011794038615512648e-01
-5.440264195071644604e-01 6.841067278245784034e-02
-5.440264195071498055e-01 -6.841067278246489025e-02
8.479865425278548807e-01 2.901628618260891357e-01
8.479865425278639846e-01 -2.901628618261012926e-01
-8.423628194199329622e-01 -1.956521150875376036e-02
-8.423628194199237473e-01 1.956521150876600404e-02
6.301096752837733739e-01 -6.680166531127553764e-01
6.301096752837936910e-01 6.680166531127619267e-01
-4.943482247069687363e-02 -7.421914163468190662e-01
-4.943482247072401164e-02 7.421914163468174008e-01
3.648110104155022348e-01 -4.492244832487191086e-01
3.648110104154976829e-01 4.492244832487349293e-01
3.564529019841731761e-01 -1.702108799853858934e-01
3.564529019841733981e-01 1.702108799853909726e-01
-5.566069272732029893e-02 3.612245151980216784e-01
-5.566069272730189699e-02 -3.612245151980265634e-01
-1.826462752960788527e-01 4.126729342246083787e-01
-1.826462752960769653e-01 -4.126729342246112653e-01
-3.036624941322396132e-01 -1.402368757367888630e-01
-3.036624941322547677e-01 1.402368757367754015e-01
-4.522937385941537269e-01 3.841151580133417287e-01
-4.522937385941486754e-01 -3.841151580133521093e-01
5.894660659168319272e-01 7.845256293401655645e-01
5.894660659168494687e-01 -7.845256293401908776e-01
-7.928850277968731985e-01 1.192278717724391951e-01
-7.928850277969105020e-01 -1.192278717724478132e-01
7.476970372773078521e-01 6.004177829513097642e-01
7.476970372773155127e-01 -6.004177829512927778e-01
3.929370431088061166e-01 -8.358825053019904860e-01
3.929370431087970683e-01 8.358825053020165763e-01
2.932891558113651098e-01 9.287670370783183138e-01
2.932891558113265851e-01 -9.287670370783280838e-01
-2.006099711714094402e-01 -3.090615554890868699e-01
-2.006099711713935640e-01 3.090615554890203676e-01
-3.508862367285392470e-01 -8.937239295146134355e-01
-3.508862367285347506e-01 8.937239295146146567e-01
-4.932421334385363454e-01 -5.162082883847682879e-01
-4.932421334385537204e-01 5.162082883846257353e-01
5.277934708602772806e-01 -2.103807191522122921e-01
5.277934708602758374e-01 2.103807191522178710e-01
1.162190766158514854e-01 -5.698573440818945762e-02
1.162190766158582578e-01 5.698573440822007202e-02
-3.024514983951378522e-01 8.255802515004014852e-01
-3.024514983951199221e-01 -8.255802515003851649e-01
-9.756069496102717786e-02 5.978926524865685321e-01
-9.756069496106688221e-02 -5.978926524866439163e-01
-1.268172738293411039e-01 -7.265659191550913332e-02
-1.268172738293375512e-01 7.265659191546931794e-02
4.004903261518326651e-01 -8.186880194521998222e-01
4.004903261518200641e-01 8.186880194522121457e-01
-6.349162683342808311e-01 -6.516845684452817755e-01
-6.349162683342722824e-01 6.516845684452975407e-01
-2.462806476236008291e-01 3.799891798750119620e-01
-2.462806476236200082e-01 -3.799891798750897887e-01
-1.804815616124972877e-01 9.232210891431269495e-01
-1.804815616125255706e-01 -9.232210891431061883e-01
-8.875117218957337961e-01 2.865628010884679333e-01
-8.875117218956196652e-01 -2.865628010883243260e-01
2.973880779728670931e-01 -3.827455808668560056e-01
2.973880779729214940e-01 3.827455808668608905e-01
-2.106956837048730713e-01 -5.370103380977573337e-01
-2.106956837048872266e-01 5.370103380977675478e-01
-2.152192440055640810e-01 8.012239453848415405e-01
-2.152192440055528677e-01 -8.012239453848090109e-01
9.236238802484572075e-01 7.911126934343121198e-02
9.236238802484859622e-01 -7.911126934343791495e-02
5.513323970010224340e-01 7.268971468641772793e-01
5.513323970010063357e-01 -7.268971468641560740e-01
5.822393359448915229e-01 7.951037148945275801e-01
5.822393359448992944e-01 -7.951037148945429012e-01
-5.591682930529060513e-01 -2.575293584813349024e-01
-5.591682930528363293e-01 2.575293584814322689e-01
-5.476621466224617096e-01 2.098242017878765575e-01
-5.476621466223922097e-01 -2.098242017878736987e-01
5.656908874185374581e-01 2.147247944656726637e-01
5.656908874185200276e-01 -2.147247944656742458e-01
4.177606640551083106e-01 -7.951037148945275801e-01
4.177606640551007611e-01 7.951037148945429012e-01
-4.080776238751869234e-01 -3.241973071147008501e-01
-4.080776238751209761e-01 3.241973071147686292e-01
5.317481528401655222e-01 -3.404531685969484633e-01
5.317481528401729607e-01 3.404531685969461319e-01
-2.066918778129355622e-02 -7.661998669420995167e-01
-2.066918778126753536e-02 7.661998669420878594e-01
-3.262824234375731880e-01 4.490772653913577828e-01
-3.262824234375875099e-01 -4.490772653912911139e-01
-2.969975343247765465e-01 5.509451591394740610e-01
-2.969975343247598376e-01 -5.509451591394344261e-01
-5.451268186132918192e-01 -5.864988210507954269e-01
-5.451268186132591786e-01 5.864988210507606770e-01
-6.695197249703744857e-01 4.057842893174730126e-01
-6.695197249704168962e-01 -4.057842893175478416e-01
5.654305249877925599e-01 2.865150788264091419e-01
5.654305249877663586e-01 -2.865150788263770565e-01
2.323583249044230692e-01 4.208289101231442175e-01
2.323583249044715582e-01 -4.208289101231704188e-01
4.343091125814799724e-01 2.147247944656742458e-01
4.343091125814626530e-01 -2.147247944656726637e-01
-3.338238262630144892e-01 -8.539842509576993645e-01
-3.338238262630116027e-01 8.539842509576796026e-01
3.397705445572613558e-01 -4.908961618860505638e-01
3.397705445572616889e-01 4.908961618860606113e-01
-5.212241332793319248e-01 5.943523922024014361e-01
-5.212241332793666748e-01 -5.943523922024023243e-01
-4.265423488764518573e-02 -5.928428664826913552e-01
-4.265423488758163933e-02 5.928428664827232186e-01
2.460180762155723608e-02 7.252315463993969091e-01
2.460180762157130469e-02 -7.252315463994016831e-01
-1.685643730123697519e-03 -9.854204103920669588e-01
-1.685643730107226320e-03 9.854204103920550795e-01
4.682518471598269283e-01 -3.404531685969461319e-01
4.682518471598346443e-01 3.404531685969484078e-01
-1.595863327699681700e-01 -5.165005124734173281e-01
-1.595863327698848477e-01 5.165005124733902386e-01
-4.072347183323608011e-01 -7.130742831030113527e-01
-4.072347183322579389e-01 7.130742831030059126e-01
-6.199958327555193938e-01 1.668778251368631671e-01
-6.199958327555028514e-01 -1.668778251368583099e-01
-6.584036452983006438e-01 -5.893227526688942230e-01
-6.584036452983166310e-01 5.893227526688594731e-01
-3.837474033340428359e-01 6.803088547217029936e-01
-3.837474033341410351e-01 -6.803088547217881477e-01
2.803917070038175474e-01 -3.205264167134571629e-01
2.803917070038647874e-01 3.205264167134300179e-01
-7.580128135271005929e-01 -5.841064108047573367e-01
-7.580128135272184986e-01 5.841064108047202552e-01
4.610756033875088034e-02 9.668823018213640319e-01
4.610756033873772419e-02 -9.668823018213376086e-01
5.170787233946861905e-01 5.241201685970513502e-01
5.170787233947006234e-01 -5.241201685970444668e-01
-4.607048749811602506e-01 7.879520239237556289e-01
-4.607048749811173405e-01 -7.879520239238106960e-01
-5.623550718558673056e-01 -2.672028076640258210e-01
-5.623550718557634998e-01 2.672028076639721972e-01
4.829212766052992656e-01 5.241201685970444668e-01
4.829212766053137540e-01 -5.241201685970513502e-01
9.021247868078509091e-01 -2.997717642276611638e-01
9.021247868078901000e-01 2.997717642276190864e-01
-1.431681947526982357e-01 5.713052957848784308e-01
-1.431681947527251586e-01 -5.713052957848148150e-01
-5.851165435217055288e-02 3.420082948806308365e-01
-5.851165435218089184e-02 -3.420082948805556189e-01
8.554206058262345813e-01 -2.763889670949087329e-01
8.554206058262057155e-01 2.763889670949629673e-01
-1.034060006207048604e-01 -6.717913306266561912e-01
-1.034060006207578736e-01 6.717913306266605211e-01
5.302924274589956299e-01 2.860570938350200376e-01
5.302924274589875253e-01 -2.860570938350440739e-01
-1.430274105239357496e-01 -3.891152002910249624e-02
-1.430274105239354443e-01 3.891152002910330809e-02
4.456116933812607206e-01 2.663658979563197915e-02
4.456116933812687697e-01 -2.663658979561350434e-02
-6.769523431483943643e-01 -1.263614320579904693e-01
-6.769523431484660847e-01 1.263614320579130312e-01
-2.686005254725667979e-01 -7.576588048724793856e-01
-2.686005254725999936e-01 7.576588048725764191e-01
-3.035194352279119712e-01 2.044734781838042081e-01
-3.035194352279756980e-01 -2.044734781838316029e-01
5.944180319739204021e-01 6.188706508354470115e-01
5.944180319738906482e-01 -6.188706508353262192e-01
-2.743217034741957661e-01 3.668167115357663932e-01
-2.743217034742200244e-01 -3.668167115358115793e-01
8.985634643426873014e-01 3.437835398887402194e-01
8.985634643426996249e-01 -3.437835398887476579e-01
-7.489256446572117865e-02 7.698328454833688328e-01
-7.489256446574624193e-02 -7.698328454834273415e-01
5.607318967991306025e-01 7.265522404855947469e-01
5.607318967990631009e-01 -7.265522404855835337e-01
-7.996353981302242175e-01 -8.646674056684243437e-02
-7.996353981302557479e-01 8.646674056678521625e-02
-5.474684459792426017e-01 7.860843101107534148e-01
-5.474684459791652191e-01 -7.860843101108792030e-01
4.055819680260794313e-01 -6.188706508354470115e-01
4.055819680261092963e-01 6.188706508353263303e-01
-2.003706283124790655e-01 -7.460696855468145205e-01
-2.003706283125307741e-01 7.460696855467771060e-01
-2.610415357097588540e-01 -9.571806550039269057e-01
-2.610415357100395184e-01 9.571806550039458905e-01
-7.838897648584569611e-01 -4.808405553544662370e-01
-7.838897648584364219e-01 4.808405553545265221e-01
-6.905189337285527751e-01 3.883603733884842812e-01
-6.905189337286237183e-01 -3.883603733885068743e-01
-3.438964195467726637e-02 5.833662886351260735e-01
-3.438964195482085984e-02 -5.833662886349064713e-01
7.334649806595316957e-01 4.136533529112170759e-01
7.334649806596122978e-01 -4.136533529110494323e-01
-9.715505064301248606e-01 7.851234332358503210e-02
-9.715505064300987703e-01 -7.851234332353680678e-02
-2.935513145301951732e-01 -4.799776821524475157e-01
-2.935513145302130478e-01 4.799776821523109582e-01
-6.047034864504031715e-01 -2.664924818544124330e-01
-6.047034864503936236e-01 2.664924818544311957e-01
2.665350193403877022e-01 4.136533529110494323e-01
2.665350193404683599e-01 -4.136533529112171315e-01
-3.644821848651917939e-01 -6.534969025106452944e-01
-3.644821848652328167e-01 6.534969025105598073e-01
-7.125575303562611817e-02 -1.514158667536312508e-01
-7.125575303564209151e-02 1.514158667535877301e-01
5.485240026934748991e-01 4.113107266509881677e-01
5.485240026934818935e-01 -4.113107266509569704e-01
5.543883066187392794e-01 -2.663658979563197915e-02
5.543883066187312858e-01 2.663658979561350781e-02
3.204901726803100481e-01 -2.521349932183182263e-01
3.204901726803497386e-01 2.521349932183787335e-01
4.392681032008693420e-01 -7.265522404855947469e-01
4.392681032009368991e-01 7.265522404855835337e-01
3.342835690359455825e-01 -8.625829334947300309e-01
3.342835690359381995e-01 8.625829334946490956e-01
8.480014753904295544e-02 1.293582587729288080e-01
8.480014753904577263e-02 -1.293582587728893396e-01
8.579446386585807272e-01 -1.974282168165242268e-01
8.579446386585631856e-01 1.974282168165859830e-01
1.676053343483245306e-01 -9.353440974153401921e-01
1.676053343483915326e-01 9.353440974156116416e-01
4.381190315172645011e-01 -1.290800702471615602e-01
4.381190315172890926e-01 1.290800702471581185e-01
4.038620438983597238e-01 2.855107322782218793e-01
4.038620438983417937e-01 -2.855107322781844648e-01
3.935570735478902127e-01 1.007117401675007573e-01
3.935570735478890469e-01 -1.007117401675086954e-01
-1.981564750523621410e-01 8.834702922847295081e-01
-1.981564750523686358e-01 -8.834702922847321727e-01
-5.331549392043019586e-02 -7.296915886731216716e-01
-5.331549392040982327e-02 7.296915886731490941e-01
7.750735990753718774e-01 2.772672288612283431e-01
7.750735990753736537e-01 -2.772672288612083036e-01
9.151998524609542551e-01 1.293582587728893396e-01
9.151998524609569197e-01 -1.293582587729288358e-01
5.309487816150345596e-01 5.966157994595907565e-01
5.309487816152115292e-01 -5.966157994595684411e-01
7.879108912760097727e-01 -4.729084859549202435e-01
7.879108912760075523e-01 4.729084859549169684e-01
4.116813844320558746e-01 -4.374843942176818296e-02
4.116813844319958671e-01 4.374843942176485229e-02
6.013958392847946755e-01 7.729444692610133449e-01
6.013958392847663648e-01 -7.729444692610434320e-01
-7.104216293693603468e-02 3.608167267949508594e-01
-7.104216293696755113e-02 -3.608167267949493051e-01
5.239002781866979042e-02 -5.927932536160670507e-01
5.239002781863614372e-02 5.927932536161194532e-01
4.748126707976761673e-02 6.779891159609248152e-01
4.748126707974530125e-02 -6.779891159608218976e-01
7.844795088079624668e-01 5.139351161218325137e-01
7.844795088079269396e-01 -5.139351161218650432e-01
1.849861203934804466e-01 6.332287950297891266e-01
1.849861203934072829e-01 -6.332287950297991186e-01
4.391889172494103932e-01 -7.985644559151253707e-01
4.391889172493740334e-01 7.985644559151352517e-01
1.290072405272578993e-01 -4.861612524729194140e-01
1.290072405272204847e-01 4.861612524729445606e-01
6.731611172628858553e-01 -4.881390858201592464e-01
6.731611172628904072e-01 4.881390858201092309e-01
6.694935711984939530e-02 5.600221696759660750e-01
6.694935711985408600e-02 -5.600221696759655199e-01
-6.904117998541641210e-01 -1.257020877239403978e-01
-6.904117998543330970e-01 1.257020877239752865e-01
-4.332434764370950431e-01 -4.909926887950312180e-01
-4.332434764371827507e-01 4.909926887949733754e-01
4.682358117962126531e-01 6.484817403140068492e-01
4.682358117962185373e-01 -6.484817403139878644e-01
4.757087146344592954e-01 -7.050293234722472269e-01
4.757087146344323725e-01 7.050293234722502245e-01
3.735163541294139744e-02 5.282216474956524799e-01
3.735163541302797402e-02 -5.282216474956547003e-01
1.456820537758090062e-01 -7.399059885437926365e-01
1.456820537758172496e-01 7.399059885438005191e-01
2.226377149361154495e-01 -4.825046357208013226e-01
2.226377149360928287e-01 4.825046357208700454e-01
-4.377270800610830181e-01 7.642927073470771049e-01
-4.377270800610639778e-01 -7.642927073470631161e-01
2.155204911920732547e-01 5.139351161218650432e-01
2.155204911920375055e-01 -5.139351161218325137e-01
2.120891087239901718e-01 4.729084859549202435e-01
2.120891087239924755e-01 -4.729084859549169684e-01
3.729712950187208387e-01 8.058891297943654441e-01
3.729712950187584752e-01 -8.058891297943866494e-01
1.080771484597288640e-01 -5.843243438884101471e-01
1.080771484597111975e-01 5.843243438883584107e-01
7.773622850639071435e-01 -4.825046357208699899e-01
7.773622850638843840e-01 4.825046357208013226e-01
-2.881468130630063795e-01 -8.082148446561222555e-01
-2.881468130629853408e-01 8.082148446560485366e-01
-8.503935226087522281e-01 1.236089078465313351e-01
-8.503935226086404287e-01 -1.236089078464628482e-01
-7.470317691548230554e-01 -4.841440352388044488e-01
-7.470317691549288597e-01 4.841440352388538537e-01
2.837925861228757785e-01 3.074715978331366562e-01
2.837925861228710045e-01 -3.074715978331439836e-01
2.558118074435246636e-01 3.092762166827028314e-01
2.558118074435414835e-01 -3.092762166827338621e-01
2.423957449542478992e-01 6.701787253606976691e-01
2.423957449543256704e-01 -6.701787253606253936e-01
7.404960337354242750e-01 6.550447475951534093e-01
7.404960337355037669e-01 -6.550447475952202447e-01
-2.450515520229053779e-01 -7.649844933176717099e-01
-2.450515520228318256e-01 7.649844933176438433e-01
2.208445329984052019e-01 -8.431048058632665265e-01
2.208445329982512417e-01 8.431048058632608644e-01
-3.845626142087704702e-01 6.098724056031243901e-01
-3.845626142087585353e-01 -6.098724056031068486e-01
-2.299250237114730810e-01 -5.394011927369102288e-01
-2.299250237115109952e-01 5.394011927369997128e-01
-1.789580748011553313e-01 -5.061328827567559419e-01
-1.789580748011412037e-01 5.061328827567587174e-01
-1.458430148069604637e-01 -4.761994292255656291e-01
-1.458430148069448096e-01 4.761994292256177541e-01
7.139814823432995283e-02 4.833523615581475918e-01
7.139814823433088264e-02 -4.833523615581602484e-01
2.595039662644963996e-01 6.550447475952202447e-01
2.595039662645758916e-01 -6.550447475951534093e-01
-3.143415024850707562e-01 -2.623693878629915210e-01
-3.143415024849665618e-01 2.623693878629472231e-01
-1.145090944180435569e-02 -7.205643217217381213e-01
-1.145090944178703621e-02 7.205643217217266860e-01
-3.237090820259043156e-01 -6.930843289460036916e-01
-3.237090820259151402e-01 6.930843289461454670e-01
4.087941630623226907e-01 6.397291727859367727e-01
4.087941630623091460e-01 -6.397291727858206434e-01
-8.381870159930666642e-01 -2.331901730237810055e-01
-8.381870159931311681e-01 2.331901730236209946e-01
5.912058369376774758e-01 -6.397291727859368837e-01
5.912058369376910205e-01 6.397291727858206434e-01
-3.972469253123795396e-01 6.467712313038309624e-01
-3.972469253123576127e-01 -6.467712313038603833e-01
-4.626095172198535499e-01 2.948177575638505910e-01
-4.626095172198327887e-01 -2.948177575638140091e-01
-9.085544627516660698e-01 1.391221091783267916e-01
-9.085544627516880523e-01 -1.391221091783277075e-01
-2.808168835355943048e-03 3.128925442352571973e-01
-2.808168835372321006e-03 -3.128925442353313047e-01
2.741590621915094839e-01 -7.456535507553356812e-01
2.741590621915779846e-01 7.456535507553437858e-01
3.526968073964885098e-01 9.160309713904175519e-03
3.526968073964409367e-01 -9.160309713940599508e-03
3.951122633007652651e-01 2.664410661639887157e-01
3.951122633007744800e-01 -2.664410661639899924e-01
5.819566029134080054e-01 -4.817323911493732735e-01
5.819566029134438656e-01 4.817323911494653110e-01
-8.161448873434868911e-01 4.026908710705549566e-01
-8.161448873436458751e-01 -4.026908710706193495e-01
5.343129994621118595e-01 5.032686444024722094e-01
5.343129994620369194e-01 -5.032686444025401551e-01
-1.747998822030004049e-02 6.134904570612760288e-01
-1.747998822029230709e-02 -6.134904570612563779e-01
-3.456111982104566049e-01 3.919085829735511894e-01
-3.456111982104663749e-01 -3.919085829735717841e-01
-7.483094438375297308e-01 -5.172212954261401485e-01
-7.483094438377434487e-01 5.172212954261526940e-01
-5.445617859326636889e-01 2.185786273438910035e-02
-5.445617859327795962e-01 -2.185786273430533749e-02
-6.594816926107139633e-03 -8.445062238003386845e-01
-6.594816926088689114e-03 8.445062238003653299e-01
9.087309208558230766e-01 2.835389047359361814e-01
9.087309208557726725e-01 -2.835389047359829773e-01
-7.637033351920926583e-01 6.306714406071278756e-01
-7.637033351921076463e-01 -6.306714406070126344e-01
4.987481302306027708e-01 -7.215019465740309945e-01
4.987481302304950792e-01 7.215019465740767357e-01
-1.060913322368520761e-01 5.328658079761466881e-01
-1.060913322369589351e-01 -5.328658079761927624e-01
6.397391718601130872e-02 -5.191142713771339512e-01
6.397391718607434163e-02 5.191142713771296213e-01
3.296903829766943961e-01 6.886064425464408778e-01
3.296903829767034999e-01 -6.886064425465038275e-01
2.152840849161414844e-03 8.152462911193257833e-01
2.152840849206121270e-03 -8.152462911193639750e-01
-1.587600377977432531e-01 5.945368217201691952e-01
-1.587600377977778920e-01 -5.945368217202001704e-01
5.334748341459388810e-01 -5.780527791824072725e-01
5.334748341459686349e-01 5.780527791823455441e-01
2.042951488350092937e-01 2.946231406128801966e-01
2.042951488350004674e-01 -2.946231406129087849e-01
-3.953512867818082532e-01 6.819008473494787559e-01
-3.953512867815678899e-01 -6.819008473491525724e-01
-1.052239054027020587e-01 -4.092277904469607264e-01
-1.052239054026669479e-01 4.092277904469828198e-01
-8.259885656513449304e-01 5.426449742642491803e-01
-8.259885656513417107e-01 -5.426449742643136842e-01
-1.965347921160617850e-02 -8.440493779524532725e-01
-1.965347921143608886e-02 8.440493779524214091e-01
5.012518697693972847e-01 7.215019465740309945e-01
5.012518697695049763e-01 -7.215019465740767357e-01
1.568093353410127816e-02 -2.589375761261892284e-01
1.568093353411299101e-02 2.589375761261444864e-01
-2.256487886637709439e-01 -2.112385702597746606e-01
-2.256487886637523199e-01 2.112385702597203152e-01
-7.028784280337417867e-01 3.122703217730763217e-02
-7.028784280337805335e-01 -3.122703217713498208e-02
-7.267739089124646279e-01 -3.866107861046905181e-01
-7.267739089124771734e-01 3.866107861046676475e-01
-9.254818216679782106e-01 1.865080650283710562e-01
-9.254818216678666332e-01 -1.865080650282750496e-01
-8.141200819138237899e-01 3.660194176099226815e-01
-8.141200819139470246e-01 -3.660194176099777486e-01
-8.107452178026207379e-02 -7.760343380734721075e-01
-8.107452178027321765e-02 7.760343380734694430e-01
-2.196746983124943722e-03 6.183175280749554359e-01
-2.196746983066488312e-03 -6.183175280749851899e-01
4.982333970566403536e-02 -2.499559844874519321e-01
4.982333970569509385e-02 2.499559844874838510e-01
-2.734806117355719768e-01 1.755396015572288915e-01
-2.734806117356269328e-01 -1.755396015572726343e-01
-3.285277731469423701e-01 -4.574112247578863699e-01
-3.285277731467880491e-01 4.574112247577536983e-01
-3.031603709191981744e-01 -2.287708732291614533e-01
-3.031603709192731144e-01 2.287708732291794389e-01
-3.989370436002714349e-01 8.193441816910123077e-01
-3.989370436001405396e-01 -8.193441816914950326e-01
5.322491989155982983e-01 -3.117333166181451842e-01
5.322491989157340786e-01 3.117333166180119575e-01
-6.109592219513325650e-01 2.399459086938550423e-02
-6.109592219513506617e-01 -2.399459086909632929e-02
9.113199494362461683e-02 8.953947958429678833e-01
9.113199494368889875e-02 -8.953947958429284704e-01
-4.911627300016437048e-02 7.049697163402748323e-01
-4.911627300030736026e-02 -7.049697163402408595e-01
1.046770795528356446e-01 -2.496779815653507872e-01
1.046770795528814690e-01 2.496779815653956125e-01
3.270588988105285200e-01 -2.316931715742895359e-01
3.270588988106316042e-01 2.316931715742944209e-01
5.067447113889588239e-01 7.046854032531655321e-01
5.067447113888594590e-01 -7.046854032531727485e-01
6.381137922788396866e-01 -6.893869265388378187e-01
6.381137922789036354e-01 6.893869265387484457e-01
-6.651038441866025108e-01 -4.196551374369594800e-01
-6.651038441865781969e-01 4.196551374368842069e-01
-2.841600197570379738e-01 9.050418583660450045e-01
-2.841600197570305908e-01 -9.050418583658829119e-01
4.932552886110411761e-01 -7.046854032531654211e-01
4.932552886111405965e-01 7.046854032531727485e-01
-1.685519749255089128e-01 5.644381216368725696e-01
-1.685519749255137700e-01 -5.644381216368420384e-01
-2.137144968391612720e-01 -5.718569529228560988e-01
-2.137144968391828936e-01 5.718569529226902315e-01
-4.150650909705271840e-01 6.499753232590015362e-01
-4.150650909705748126e-01 -6.499753232590618213e-01
6.742396632247938948e-01 3.176765543754062615e-01
6.742396632247303900e-01 -3.176765543754740961e-01
-6.300227673223416369e-01 2.211519820753753418e-01
-6.300227673223467439e-01 -2.211519820753503618e-01
-7.150157624546857882e-01 -5.157024507431523519e-01
-7.150157624547522905e-01 5.157024507432828031e-01
-6.672688252192889857e-01 -2.964712579639273704e-01
-6.672688252192650049e-01 2.964712579638777989e-01
7.086084260401641632e-01 -2.679130785437468520e-01
7.086084260401983581e-01 2.679130785438016971e-01
-5.644069760856771367e-01 -3.779644392338601389e-01
-5.644069760856100793e-01 3.779644392338681880e-01
3.273643038578816777e-01 9.353754388066217729e-01
3.273643038579329700e-01 -9.353754388067437864e-01
1.141308192705724894e-01 8.688177887661641119e-01
1.141308192705960123e-01 -8.688177887662628107e-01
3.257603367752061052e-01 -3.176765543754062615e-01
3.257603367752694434e-01 3.176765543754740961e-01
4.594283226714251239e-02 5.753062094326029108e-01
4.594283226717522234e-02 -5.753062094325799292e-01
3.584281706388816047e-01 -5.317356300063071917e-01
3.584281706388545152e-01 5.317356300062849872e-01
3.649957733523240266e-01 3.016469246947466321e-01
3.649957733523432890e-01 -3.016469246947429128e-01
5.347345801360340323e-01 -1.607938186402234904e-01
5.347345801359942863e-01 1.607938186402460001e-01
-5.252165078514955399e-01 1.932997762596038449e-01
-5.252165078514267060e-01 -1.932997762595363989e-01
-6.922542801888312836e-01 -4.506167917857933358e-01
-6.922542801888418307e-01 4.506167917858574512e-01
-3.283766061883933718e-01 7.574439868039257728e-01
-3.283766061885417531e-01 -7.574439868039600787e-01
-2.347174209397811795e-01 -4.668261528078729850e-01
-2.347174209396731270e-01 4.668261528079054035e-01
5.835615635892374975e-01 -2.680446421551681002e-01
5.835615635892691389e-01 2.680446421551667679e-01
1.998454227274059844e-02 -5.440498297419489315e-01
1.998454227286333013e-02 5.440498297419276152e-01
3.547198700182788156e-01 8.178019586602953972e-02
3.547198700183141762e-01 -8.178019586604988456e-02
2.091638718350104509e-01 -7.716594984055501483e-01
2.091638718349857484e-01 7.716594984055440420e-01
7.734639342229685521e-01 3.432998093347153779e-01
7.734639342230165138e-01 -3.432998093347439106e-01
3.555146008653193856e-01 -8.590592894419334102e-02
3.555146008653451428e-01 8.590592894424080306e-02
4.724676823939132908e-01 6.434056574611460855e-01
4.724676823938959158e-01 -6.434056574611370927e-01
8.709031780946037138e-01 -4.642864959941643832e-01
8.709031780945886148e-01 4.642864959941574998e-01
-4.661865038340264888e-01 -2.838638180651134602e-01
-4.661865038340459733e-01 2.838638180650995824e-01
7.268511611586206400e-02 -7.607124897665040741e-01
7.268511611589763277e-02 7.607124897664575558e-01
-1.554088174878498763e-01 -3.135421005347095447e-01
-1.554088174879153517e-01 3.135421005346684109e-01
5.624488438288458569e-01 4.860130240502545940e-01
5.624488438287919001e-01 -4.860130240502388843e-01
6.715716391950742326e-01 3.247652719963165513e-01
6.715716391950732334e-01 -3.247652719962845214e-01
-4.051409425866914771e-01 -6.627362978241678748e-01
-4.051409425867678049e-01 6.627362978240600722e-01
2.001098442159844892e-01 2.312257838229817564e-01
2.001098442159331414e-01 -2.312257838230450113e-01
5.375053367386152248e-01 3.528871243770440591e-01
5.375053367386420922e-01 -3.528871243770663746e-01
6.435466317702227546e-01 -4.735867725008489626e-01
6.435466317701717953e-01 4.735867725007865126e-01
8.583459674205496936e-01 -3.141413198213887092e-01
8.583459674205048406e-01 3.141413198214735858e-01
-2.941862398516663091e-01 4.071370923272826792e-01
-2.941862398516740806e-01 -4.071370923273124887e-01
-5.245386780732954612e-01 2.032116034390878401e-01
-5.245386780733247711e-01 -2.032116034392121018e-01
7.998901557840155663e-01 -2.312257838229817564e-01
7.998901557840669696e-01 2.312257838230450113e-01
7.614312122260716853e-01 -6.251873541234076459e-01
7.614312122260563642e-01 6.251873541234181930e-01
7.798139722239285643e-01 3.349395223693381052e-01
7.798139722238859317e-01 -3.349395223693086288e-01
-2.156331407146905299e-01 -3.751535902350182639e-01
-2.156331407147318857e-01 3.751535902349861784e-01
-1.537604597036059118e-01 -3.335197523182984458e-01
-1.537604597034946119e-01 3.335197523183361379e-01
5.170429457456825473e-01 -1.636555868071335740e-01
5.170429457455881783e-01 1.636555868071895015e-01
1.416540325794951316e-01 -3.141413198214735858e-01
1.416540325794502508e-01 3.141413198213887092e-01
-2.677670209527793777e-01 1.627031265414256855e-01
-2.677670209528048573e-01 -1.627031265413958205e-01
-1.790127694912335352e-02 8.795702635406272840e-01
-1.790127694916563567e-02 -8.795702635407198766e-01
-5.510097540533064331e-01 6.052260282131566305e-01
-5.510097540532515881e-01 -6.052260282130998981e-01
5.305552406907626528e-01 7.450836247102182730e-02
5.305552406908042862e-01 -7.450836247101716436e-02
6.355042973707121234e-01 -7.365218486848500445e-01
6.355042973707614173e-01 7.365218486848996715e-01
6.832353550944262333e-01 1.927488180362575965e-01
6.832353550944162413e-01 -1.927488180362653403e-01
-2.741468974045177184e-02 -3.760178516465422782e-01
-2.741468974042722551e-02 3.760178516466546328e-01
-7.579525198699583743e-01 5.564310539110577380e-01
-7.579525198698051636e-01 -5.564310539107175657e-01
-9.003678597780876425e-01 2.598968910058653270e-01
-9.003678597781644699e-01 -2.598968910056099757e-01
-5.017553417654737613e-01 4.928304754127747489e-01
-5.017553417655058468e-01 -4.928304754127502685e-01
8.044244227883147191e-01 3.626568200271898523e-01
8.044244227884118636e-01 -3.626568200272097808e-01
-3.000765145915847976e-01 8.535362001948940680e-01
-3.000765145915093024e-01 -8.535362001948556543e-01
-3.127435036434887961e-01 5.714717848588278803e-01
-3.127435036435057825e-01 -5.714717848588936056e-01
-7.666666946012338224e-01 -2.132248502913857702e-01
-7.666666946012937744e-01 2.132248502912752475e-01
-2.068187438336555606e-01 -5.836053738974313898e-01
-2.068187438336095418e-01 5.836053738974656957e-01
3.168973149962713010e-02 -6.375170263183913555e-01
3.168973149961325925e-02 6.375170263183649322e-01
7.508471343473654969e-01 5.700402276085086983e-01
7.508471343473216431e-01 -5.700402276085214659e-01
-4.627132326971502008e-01 -2.201922849612373556e-01
-4.627132326971452603e-01 2.201922849612390209e-01
-2.988819394139071162e-01 -7.955686184557824170e-01
-2.988819394139934360e-01 7.955686184558243834e-01
-9.334869257220791416e-01 9.545496498353260584e-02
-9.334869257221505290e-01 -9.545496498339448022e-02
-8.811736905880912518e-01 4.361409155855521802e-01
-8.811736905882158188e-01 -4.361409155855182074e-01
2.976138616073367715e-01 8.212825053218648641e-01
2.976138616073517595e-01 -8.212825053218711924e-01
-4.212670335522613052e-01 5.732849184055032188e-01
-4.212670335523273080e-01 -5.732849184056877379e-01
-6.954862130713448387e-01 1.546851182927690138e-01
-6.954862130713966861e-01 -1.546851182927803658e-01
-4.689816523904385276e-02 -7.242521433685752408e-01
-4.689816523882964910e-02 7.242521433686495147e-01
2.201860277761139573e-01 3.349395223693086288e-01
2.201860277760713802e-01 -3.349395223693381052e-01
-6.615197766792468848e-01 3.769906002051244265e-01
-6.615197766792081380e-01 -3.769906002051562899e-01
-8.263241298783910449e-02 -4.650037011693490263e-01
-8.263241298776879962e-02 4.650037011693343714e-01
-6.314317509486693236e-01 -6.652136455939209325e-01
-6.314317509486675473e-01 6.652136455938576498e-01
4.960388196753151013e-01 8.580946798895872085e-01
4.960388196752642531e-01 -8.580946798895056071e-01
-4.698132419866399845e-01 1.129754592257099510e-01
-4.698132419866448140e-01 -1.129754592257204288e-01
-3.314305745940635678e-02 4.657695182260684352e-01
-3.314305745930470892e-02 -4.657695182259921074e-01
-5.432977801455531885e-01 3.658951197710880177e-01
-5.432977801455441957e-01 -3.658951197710787473e-01
-3.557261538932102729e-01 3.824664689777987903e-01
-3.557261538932189882e-01 -3.824664689778222715e-01
-9.975913761050948791e-02 -5.465321018624021976e-01
-9.975913761043381234e-02 5.465321018622379956e-01
6.094499692504623534e-01 5.239562089885007046e-01
6.094499692504208310e-01 -5.239562089884619578e-01
-6.020244985428041540e-01 -2.278365398386634211e-01
-6.020244985429067386e-01 2.278365398385325813e-01
-8.483646049295594516e-01 2.595745162810836892e-01
-8.483646049294242264e-01 -2.595745162810281226e-01
-1.919704969055769372e-01 -8.468786366161037416e-01
-1.919704969056394150e-01 8.468786366159773982e-01
4.127894485006498582e-01 2.681227960968365354e-01
4.127894485006683989e-01 -2.681227960968192159e-01
-5.893580988277338228e-01 -3.427086845515556202e-01
-5.893580988277643540e-01 3.427086845514087932e-01
5.751215273013728924e-01 7.219825711294148851e-01
5.751215273014651519e-01 -7.219825711295494441e-01
-4.675073746831567290e-01 -4.128371156663280805e-01
-4.675073746831398536e-01 4.128371156662418717e-01
-3.597550427748905655e-01 -4.640009903476242648e-01
-3.597550427748065771e-01 4.640009903478624076e-01
6.604334319253037933e-01 7.176143140491237915e-01
6.604334319252774810e-01 -7.176143140492348138e-01
-5.230526668928974221e-01 3.754933504719657616e-02
-5.230526668929926792e-01 -3.754933504733962840e-02
-3.241319790286595892e-01 -3.499469209558088156e-01
-3.241319790286363856e-01 3.499469209557221627e-01
-4.916014013226972512e-01 6.629055922612757668e-01
-4.916014013226793766e-01 -6.629055922611529761e-01
-9.163479549717259420e-01 -8.001691316512431207e-02
-9.163479549717681305e-01 8.001691316511966301e-02
-7.368780665532242979e-01 1.407977877266109734e-01
-7.368780665531571294e-01 -1.407977877267791722e-01
-5.513407542957603491e-01 6.528237204548134054e-01
-5.513407542961206165e-01 -6.528237204552322925e-01
-9.001413036091993058e-01 2.970905968948754916e-01
-9.001413036092674735e-01 -2.970905968947755715e-01
-9.099318738446029453e-01 -7.584313376332517398e-02
-9.099318738445776322e-01 7.584313376320760136e-02
-4.091720759655860240e-01 -6.434338692054221154e-01
-4.091720759656466422e-01 6.434338692054284436e-01
-8.386700627048782053e-01 -2.209548974095674190e-01
-8.386700627047217749e-01 2.209548974097358953e-01
-6.892257470547920040e-01 -4.607778151754148288e-01
-6.892257470548298626e-01 4.607778151755464457e-01
3.851378853955065851e-01 -7.845405559623346292e-01
3.851378853955037540e-01 7.845405559623371827e-01
-6.987320512244747928e-01 -1.995286230191501420e-01
-6.987320512244825643e-01 1.995286230191005983e-01
1.402137867015737505e-01 4.364844142287603312e-01
1.402137867015509076e-01 -4.364844142286817275e-01
-3.658925777217024722e-01 2.936259470759597923e-01
-3.658925777216873731e-01 -2.936259470758945667e-01
1.551338642402930457e-01 6.414190882486311418e-01
1.551338642402935453e-01 -6.414190882486826562e-01
-3.380554150470470587e-01 -9.375617798561447502e-01
-3.380554150472110386e-01 9.375617798565764049e-01
6.561772756800442474e-01 -1.617739222716688130e-02
6.561772756800882123e-01 1.617739222710733518e-02
1.371296217272489071e-01 9.647095616383458694e-01
1.371296217272360840e-01 -9.647095616383919436e-01
3.056420595240491034e-01 7.544760350889810896e-01
3.056420595241675642e-01 -7.544760350889989642e-01
6.414693402726233673e-01 6.680481203270273172e-01
6.414693402724357396e-01 -6.680481203270051127e-01
3.214010155666561230e-01 4.729053761798460154e-01
3.214010155666364166e-01 -4.729053761798170941e-01
2.847863809170875227e-01 6.803248150649783277e-01
2.847863809169849936e-01 -6.803248150648011361e-01
5.651966079977484986e-02 -8.111287336522527980e-01
5.651966079984375307e-02 8.111287336521979530e-01
-7.525569884797012055e-01 -5.747941739528353855e-01
-7.525569884797349562e-01 5.747941739528192873e-01
-3.887542203921645068e-01 -3.321176311607100251e-01
-3.887542203920915651e-01 3.321176311608018961e-01
-3.082184886802188939e-01 -8.856553999767399210e-01
-3.082184886801526691e-01 8.856553999766905161e-01
-3.585343532133149491e-01 4.822416317049511014e-01
-3.585343532133312139e-01 -4.822416317048970891e-01
4.657277966696322657e-01 -4.476471480254068380e-01
4.657277966696664606e-01 4.476471480252843804e-01
2.521673190962575584e-01 7.788185427296376862e-01
2.521673190962406830e-01 -7.788185427298572883e-01
-9.969942723702759912e-02 9.213979488718198052e-01
-9.969942723728819622e-02 -9.213979488718451183e-01
2.659750650818719087e-01 -6.982184969318475654e-01
2.659750650816956608e-01 6.982184969317335455e-01
6.785989844333636389e-01 4.729053761798170941e-01
6.785989844333438770e-01 -4.729053761798460154e-01
-2.953917811821730188e-01 3.817032213314013878e-01
-2.953917811821429318e-01 -3.817032213314240363e-01
4.254598425014065044e-01 5.804764211453171674e-01
4.254598425013713103e-01 -5.804764211453239398e-01
5.012542910811439434e-01 3.512237684791269521e-01
5.012542910813169161e-01 -3.512237684791295056e-01
8.093553681280809403e-03 6.912446111649040992e-01
8.093553681310568584e-03 -6.912446111649460656e-01
-3.308068062526587361e-01 2.409367022724431123e-02
-3.308068062527961817e-01 -2.409367022709604442e-02
-4.556265602789110192e-01 -6.580269260275622978e-01
-4.556265602788182600e-01 6.580269260276937482e-01
-9.849701963917779565e-03 -9.496160226995882248e-01
-9.849701963959917733e-03 9.496160226997011344e-01
5.092156279500183180e-02 -8.447414686285498187e-01
5.092156279496903165e-02 8.447414686285887875e-01
-7.769351689578020137e-01 2.132367226610055178e-01
-7.769351689577324027e-01 -2.132367226608296307e-01
2.088327108986399727e-01 9.409728413307254513e-01
2.088327108987547698e-01 -9.409728413308096062e-01
8.741321179834826705e-01 -4.468074071108278922e-01
8.741321179834580235e-01 4.468074071109349177e-01
4.615815425827479723e-02 -2.639154436535079418e-01
4.615815425843214359e-02 2.639154436535378623e-01
2.623393750090116661e-01 -6.622349734894907858e-01
2.623393750091022603e-01 6.622349734895834894e-01
7.152136190829125884e-01 -6.803248150649783277e-01
7.152136190830149509e-01 6.803248150648011361e-01
7.134019314783009991e-01 3.927993400293937620e-01
7.134019314784217913e-01 -3.927993400293428028e-01
1.494396356650060653e-01 -7.556154862503762226e-01
1.494396356650041502e-01 7.556154862504649294e-01
-5.590222923133560951e-01 3.849634553391063641e-01
-5.590222923132807109e-01 -3.849634553390946512e-01
-4.368036259969356599e-02 -7.246166776386766539e-01
-4.368036259963979651e-02 7.246166776386482322e-01
6.359512133639284581e-01 4.168980802172774780e-01
6.359512133640333742e-01 -4.168980802173157252e-01
-3.624692840247974446e-01 -2.973807648542849402e-01
-3.624692840246638292e-01 2.973807648542515780e-01
2.994144383773918450e-01 -1.529140308732311604e-01
2.994144383774615115e-01 1.529140308732181153e-01
9.690157853736494631e-02 5.963511320687927553e-01
9.690157853744904570e-02 -5.963511320687556738e-01
